seller_id,seller_username,seller_feedback_score,seller_positive_feedback_percentage
1,dysonoutlet.ie,705,97.2
2,bargainsuk3,1629,99.6
3,haytech37,758,99.5
4,sivill123,22244,100.0
5,mr_vacuum_ltd,31610,98.5
6,thevacshop_ltd,226,99.5
7,totalseven,8380,99.7
8,rgbdire_78,118,93.2
9,2recover,5942,99.8
10,sal78601,1264,99.5
11,technohayk,214,97.9
12,st57_67,162,93.5
13,willms-ltd,5317,99.9
14,vacuumsdirect,1326,99.2
15,sbek21493-multimedia,886,100.0
16,9.nove,166,100.0
17,weareessexvacs,4576,100.0
18,pykes-independant-traders,5837,99.7
19,mitc3879,1084,98.7
20,*the*dyson*man*leicester,9127,99.5
21,kirklandsales91,1754,99.5
22,mtscollects,779,99.5
23,madladstechntoys,925,100.0
24,ge1986-de,659,100.0
25,gotechstore,2959,99.4
26,sbennett1987uk,3750,98.6
27,thevacman,640,98.3
28,pinsuk,3300,97.3
29,rickg1990,2396,100.0
30,elektroonline1,897,100.0
31,yorozu_japan,2640,99.1
32,lakamane,766,89.6
33,guru_vaz,17576,99.9
34,rach-connor26,1006,98.9
35,japan_peacelily_store,2379,99.2
36,therefurbworkshop,1672,99.8
37,cm-verkauf,36,100.0
38,itstoucan533,2452,99.1
39,tetsuya09,1277,99.5
40,shojin-123,1191,100.0
41,absolute-555,1092,99.9
42,fichte-auktion,38120,99.9
43,serman,467,83.8
44,hosam19755,1020,99.3
45,justrading,15673,97.0
46,nelmic1613,559,100.0
47,cparkinson,389,100.0
48,dylajohn0,552,92.7
49,spares4you,5252,99.2
50,moors-99,1998,98.4
51,mr_bonez,927,99.2
52,eightashsalesplus,4564,99.7
53,liton-9624,129,100.0
54,emw-elektro-media-world,39378,99.7
55,kagoolst,375,98.2
56,titchsbizarre,3865,99.4
57,clickseal,3153,98.7
58,united.87-2,743,97.4
59,hoover-happy,632,98.7
60,appliances_delivered,44,68.8
61,channingsindependenttraders,22429,99.8
62,javad_2008,947,98.4
63,levendeure,294,99.0
64,sharesbank,10645,96.6
65,good*vibes*,419,99.5
66,ll-dyson,2381,100.0
67,a-star-vacs,2895,100.0
68,charsaboss,8968,99.6
69,noyna_11,3176,99.1
70,matt2005fast,8222,98.2
71,settestore,529,98.5
72,pods_traders,2810,99.5
73,kirby_sales2,1283,98.8
74,*outnumbered*,2753,98.6
75,wegischweg-est.2020,731,98.8
76,alsirig,7183,99.3
77,breros_elettrodomestici,396,98.7
78,5starltd,68102,99.5
79,cashconcepts_hertfordshire,2090,99.6
80,kswshine2011,1869,98.9
81,reginald45,512,100.0
82,theearlybirdreseller,1768,99.0
83,resalerealmz,6104,98.6
84,surreyelectricals1,458,98.5
85,ivegotcheesethisischeese,238,99.3
86,disctraders_uk,12339,98.7
87,tcn-24,147,94.4
88,resellingashley,121,100.0
89,sofias_emporium,886,100.0
90,ldcsrl-it,6262,93.9
91,bluedax_japan,348,99.0
92,pro.electro,19258,97.0
93,ware_n_house,4829,99.1
94,yorkshire_flipper,1925,100.0
95,dealcroydon,10201,99.7
96,ds_bargains,764,99.0
97,cash.express.group,47404,99.0
98,ideal4you,435,100.0
99,rexsonlinestore,326,99.0
100,mkclearanceltd,3072,99.2
101,stash4cashonline,1531,94.6
102,**konsolenprinzessin**,966,99.2
103,lainhead_electricals,15160,99.8
104,cherrytronics,2000,99.0
105,the_techy76,1887,100.0
106,y--157,190,98.9
107,tiedexlimited,366,97.4
108,emd-trading,2096,100.0
109,weg-ist-weg-com,90296,86.2
110,firstchoicerecycle2020,973,100.0
111,whiteandgrey,13618,94.9
112,up-shop_73,400,91.9
113,bandi-elettronica,20063,98.6
114,urboturbo25-eshop,284,100.0
115,saleem_jah,1142,95.8
116,crystal_crown_uk,3277,93.1
117,ukbian,746,99.1
118,bernennekinghandel,1695,97.8
119,flashback-retro-vintage-wonders,5320,96.6
120,rfcvb72,4002,97.7
121,store-jet,1206,97.4
122,manchester-vacs,23963,99.5
123,carin-2437,124,97.7
124,bastec14,6801,99.2
125,simplypurelybargains,6913,98.3
126,cash41170,3352,99.4
127,jonny-dyson,721,0.0
128,anyone.can.have.good.one,5567,98.9
129,highstreet1955,383239,99.5
130,eeeshop,27308,98.6
131,fnservice_srl,642,98.5
132,123recovery,7987,99.3
133,evajewellery,166,99.1
134,mackietradinguk,3118,100.0
135,ryown1123,263,98.0
136,sarah031272,20401,99.8
137,labellove,6465,98.9
138,ayatolla,585,98.5
139,st-store-tokyo,695,99.7
140,clstore_eu,1284,98.7
141,macromart_uk,377,98.4
142,sbs-eu,732,99.3
143,naganshop,271,100.0
144,annmarket,491,99.2
145,avatel-gbr,11045,99.9
146,ecocyclone,907,99.1
147,zondar.shop,897,100.0
148,spares-plus-uk,17071,99.5
149,dtservicing,1481,95.5
150,spares-2-go,1525080,99.3
151,samuraiheike,1451,100.0
152,xuyingying-0021,652,96.4
153,ak_spares_co_uk,557,99.5
154,re-markt,10407,99.7
155,ilboscoincantatoshop,3819,98.8
156,ibiange,2989,98.7
157,liguosrl,1227,94.3
158,moxma-ravenna,1717,98.8
159,castellobrown,695,100.0
160,g0tcha,401,100.0
161,smoothbargain4u,1520,99.8
162,shoponline232,1328,100.0
163,haruka_japan,172,99.1
164,wa-gift-tokyo,352,99.6
165,golfingnoob2012,1123,100.0
166,chiak50,838,99.6
167,jp-oxford,4213,99.7
168,enzpearl,1213,100.0
169,ccacocks,5623,98.6
170,yoskon-50,626,99.4
171,mowgli0810,2250,99.6
172,rajivagarwal1975,3943,96.4
173,with_us,19881,98.0
174,electronicseller2050,19916,98.7
175,smd-4165,755,98.0
176,k-miracle,234,100.0
177,mnatrading2006,25100,99.8
178,sparesworks_uk,347238,99.4
179,i_deals_shop,1107,92.3
180,kacage79,217,90.3
181,tahhm00,831,100.0
182,midoshop_1103,754,98.3
183,ecoinfinityx888,119,96.9
184,aidcleaningstore2010,545031,98.5
185,classicgenerations,29843,99.3
186,49marke-14,3515,97.6
187,basa_718,2138,99.4
188,dysonofficial,105820,95.1
189,jerbi-6976,209,98.8
190,erjsales,7,100.0
191,rachotto2019,12,100.0
192,competitivelegionsllc,431,96.5
193,integritytech,22535,99.1
194,txdeals4you,9297,99.0
195,heisenberg20,2829,100.0
196,azing_electronics,118518,99.5
197,madestore,1099,97.6
198,online-deals-best,5962,99.5
199,skyfalcon,3641,99.5
200,usmuha.ab6ad0cbf,76,100.0
201,jcsretrorelics,1525,100.0
202,bybristolbay,14054,99.7
203,redfox_group,25400,99.0
204,jacks_warehousedeals,630,100.0
205,angelam2014,4992,99.8
206,vargen87,91,98.8
207,oemliquidators,3709,99.2
208,kimsquilts,8817,100.0
209,leemodreamo,35,100.0
210,xlgaming2023,1887,97.3
211,smmatt,29324,99.8
212,pcstam,4327,99.5
213,alex-appliance718,21,100.0
214,splendidcommodities4u,6644,99.6
215,donnemercanti,65,100.0
216,dgal3497,675,97.2
217,yesmulti,4340,98.0
218,wvdisney,11793,99.1
219,nt_electronics,37560,98.7
220,nexgennetwork,5845,100.0
221,dymas-5554,18,100.0
222,loisyloisa,70,100.0
223,a*omega,2290,99.2
224,chevytahoe97,20313,98.5
225,bikelyfe313,389,96.4
226,bigmoates,316,100.0
227,niklos23,20,100.0
228,jnzbros,50,0.0
229,mikacab-0,20,100.0
230,arthzero,96,100.0
231,ivamad9655,366,98.7
232,munndisko,132,100.0
233,dailydeals619,82,92.9
234,shajo-9807,-1,0.0
235,speedyshipping-7,1370,98.9
236,carpenter-llc1,40,100.0
237,igotasuperdeal,11268,98.9
238,ransm-89,2362,98.1
239,mountainmama673,51,100.0
240,retail_king,15414,97.6
241,alphamod.solutions,14,100.0
242,samedayships,3355,96.7
243,josci_7270,0,0.0
244,jeemmen0,135,100.0
245,954ebuyer,12116,100.0
246,simplybettertech,91,91.3
247,bling.watches.depot,3097,99.4
248,napapi_87,10038,99.7
249,boxedreturns,12863,94.9
250,rockstaraudiolv,2215,98.1
251,jpotter_4,1379,99.2
252,l.y.berditchevco,945,98.4
253,tayybealli,412,98.1
254,globaldeals247,9668,97.1
255,the-open-box-com,13141,98.4
256,kingtradeinc,21,95.7
257,friendlysales21,1189,99.8
258,iluvluke,18268,98.7
259,electrojungle,6084,98.1
260,ror_rom_ojxmcvhp,120,100.0
261,aubpa_89,16,92.9
262,sasum9886,0,0.0
263,le487171,6129,98.6
264,jssales0,14,100.0
265,adlemi68,3140,98.7
266,re-retailer,40526,99.8
267,wav16,457,100.0
268,wt_outlets,3074,97.9
269,umbrllliq,12,100.0
270,fiatm-0,227,100.0
271,dvb5c,222,90.9
272,chipotl41,858,100.0
273,cellnowstore,2838,98.3
274,samwholes0,2113,99.2
275,pallettown904,12568,98.5
276,everydayfulfillment_kc,194031,99.1
277,olgbular-0,2396,99.7
278,solgad27,0,0.0
279,backspacedeals,3134,98.0
280,dsnstore,1776,99.8
281,hadar3346,588,95.1
282,big-bin,1988,98.7
283,theexpresscenter,8103,98.6
284,keepyoudrybarbgoeman,1525,99.6
285,curatedgreatsllc,336,100.0
286,mewat-8150,6,80.0
287,raah-7986,533,98.8
288,renewtechhub,6419,99.9
289,homer1012981x5f,453,100.0
290,rikitiki2,18,100.0
291,godessgoods,151,100.0
292,ua_team_sales,2051,99.7
293,sjo_04,1516,98.5
294,touch.down2c52,153,100.0
295,ma-640531,2,100.0
296,southbayresident,213,100.0
297,onlinemartus,3168,100.0
298,samedaytools,1176,99.5
299,nadsf_51,376,98.5
300,macpartsplus,395,100.0
301,proelement,258,99.2
302,ntm_depot,14,100.0
303,world_one_japan,38,100.0
304,lilmikey585,43,100.0
305,joyfultreasures2010,2208,99.1
306,yyelectronicincyy,5787,98.8
307,edssr,2903,99.8
308,vintage-chronicles2.0,2443,100.0
309,bamtulsa,1578,99.2
310,aski15,0,0.0
311,bk4c_69,3,0.0
312,always_so_poor,3343,100.0
313,electronicscentralstore,1229,98.1
314,lower48bargains,4637,99.8
315,slickreturns,1315,94.7
316,clastuc-0,10,100.0
317,cho2_43,325,97.9
318,stevoflipo,3347,99.6
319,heavenandhellnovelties,90,100.0
320,cynj-8057,50,95.7
321,tharpx,688,92.0
322,yoshipug1234,654,97.0
323,ronmel1616,12293,97.7
324,336alexa,754,100.0
325,kmodo1,4436,99.8
326,tubejunkie,15876,99.8
327,parts_link,27708,99.7
328,masters_458,14,100.0
329,spacecityproviders,2841,95.9
330,focuscamera,185669,99.1
331,in.formed,248,93.0
332,sunnishyn-0,35,0.0
333,robertb8287,2889,98.4
334,datuc_8472,682,96.5
335,lebar-1980,26,100.0
336,austin316316,6463,100.0
337,pefa-87,2389,98.9
338,blvd-sales-19,2770,99.9
339,bargain_shack_usa,51566,99.8
340,thanossnaps,10520,98.5
341,tvnguyen50,107,100.0
342,chancesmom2013,2218,100.0
343,yukon4922,450,99.2
344,minipcsnmore,7550,96.8
345,japancreateavenue,616,99.7
346,qcsuperstore,2863,98.5
347,vitale1964,11894,99.5
348,edenam-41,407,98.2
349,urieenrique_90,2170,99.5
350,203cobra,896,99.1
351,ticernigli_0,20,75.0
352,cherrobi1,7310,99.2
353,skinperfectcosmetic,34870,97.3
354,backups,484,97.8
355,weberbj2012,138,95.0
356,triplenetpricing,11436,89.7
357,shawn023,355,96.2
358,maadist,4584,98.4
359,thriftyshopper96,9060,98.7
360,thebestthingsco,5657,99.6
361,cashchris25,4798,99.0
362,dahol8817,679,98.0
363,lahaciendapawn,3286,92.9
364,jenn_iruk,5928,99.1
365,beni-cand,181,96.2
366,city-supply-inc,22675,98.4
367,anniehall771,81,95.4
368,noa.barcl,4981,99.5
369,allinallinc,1209,97.0
370,amluxurybeauty,564,99.0
371,kingtopdeals,18670,93.4
372,ergar_712727,1707,98.3
373,yasvald0,7499,99.3
374,nathanscraftsnmore,1190,98.9
375,molvanian,5747,100.0
376,aidensgoods7,35,100.0
377,cold_electric,2498,93.9
378,asaleinmycloset,444,94.4
379,wtdeer4,977,97.6
380,thevintageshop1776,12,100.0
381,outleth74,3337,88.2
382,i3urton343_6,655,92.4
383,nycreliable,5111,97.2
384,gallagherc,6552,98.9
385,kc913sales,8473,90.6
386,intellitechvacs,260,100.0
387,i-reutilize,2862,94.8
388,loramakenzi,83,93.0
389,artoffacts,276,94.7
390,dubby9671,10,100.0
391,yologear215,808,95.5
392,wholesaleliquidator99,932,97.6
393,countrycollectibles27,351,98.8
394,acmerainier,7267,99.8
395,classicvacuum,11655,100.0
396,disb2010,1944,100.0
397,bangarangcollections,6453,99.9
398,savethedollar,876,100.0
399,macho--madness,2363,99.2
400,teralc-0,25,100.0
401,marcu-thrif,3615,99.5
402,laurelonlinedeals,12203,99.5
403,redtagcamera,84499,99.6
404,wbpawn,24658,98.8
405,insightful-finds,845,100.0
406,strum-und-bang,1994,99.4
407,goalieforlife35,84,100.0
408,formulahl,26,96.4
409,redbike24,1478,100.0
410,hubeck03,558,94.7
411,globalbeaders,520,100.0
412,chernandez8476,180,100.0
413,wopdoo,5619,97.3
414,23wholesale,3134,98.8
415,sketchagraphs,4950,100.0
416,ultim4t32,1530,99.5
417,panamapanama2013,313,99.2
418,soggytoast76,153,99.3
419,daretodazzlenet,1534,99.1
420,quicktrends,31,100.0
421,brandusedgoods,2529,99.4
422,sulli-7628,709,99.6
423,ykvintagefinds,4888,99.8
424,dawayoutz,2724,97.3
425,claudiov8578,5402,99.1
426,theredstuff,380,99.7
427,found_and_co,1731,99.8
428,mikes-merchandise,38640,99.4
429,jorgguerrer-2,442,98.0
430,rama-1902,1289,98.9
431,sav4580,2848,99.8
432,ilektronike2012,2340,98.7
433,progeardeals1,30,100.0
434,beautypurplemagic,710,97.1
435,videojam-half,203213,99.3
436,sanmarcolux,15,100.0
437,eleongroup,4452,99.7
438,fortyfourvintage,943,99.8
439,toolsandmore-7,4360,98.8
440,snydertreasures,2224,98.5
441,rjan-61,887,98.9
442,ecomtec,384,100.0
443,maurneg-65,400,99.3
444,samaras_electronics,2461,99.6
445,littlebeak,2634,99.4
446,the--everything--store,2002,99.5
447,smuser12,31520,99.3
448,ah11sales,4630,98.7
449,pawnamerica,198880,99.8
450,ivancito16,9905,97.9
451,super-six-four,1700,98.1
452,acipriani,1549,100.0
453,m2electronics,2386,99.6
454,gorete33,146,99.3
455,the_emporium007,338,99.7
456,azing-devicestore,8770,99.4
457,changeinthejar,9378,99.7
458,flygirlscouture-consignment,5203,97.3
459,lindplace,427,100.0
460,9147davidk,1958,100.0
461,sophiasboutique,5686,98.5
462,ks_-50,8035,99.4
463,jua.terr,106,100.0
464,bub2106j7x6,1129,100.0
465,quasi098,112893,99.2
466,buyselltradeworld,1333,100.0
467,savingyoumoney_1990,1341,100.0
468,wholesalejim,135343,99.7
469,mauralu,573,99.2
470,ohiodealsforyou,544,100.0
471,galfromthesouth,3928,100.0
472,melanipotte42,137,100.0
473,jzmacdaddy,3353,100.0
474,ultimatepower,7125,100.0
475,space_captain_susumu_kodai,1280,99.7
476,wny7p22,135,97.2
477,cor_530314,11,100.0
478,avoidpayingretail,4005,98.8
479,realgoodgoodz,4677,100.0
480,soledout.jerseycity,3574,99.8
481,rjpawnshop,6001,99.0
482,bishopscloset,1419,100.0
483,hobbyboxny,5746,99.0
484,esab-2087,63,98.5
485,dealsbymira,563,98.3
486,michaedeleo_50,880,99.6
487,sl1mthechosen1,2874,99.4
488,mobitelhqstore,860,98.7
489,discountgrab,47701,99.3
490,iheartvintagethings,6970,99.2
491,allforsale742,1024,98.8
492,tuhiverm0,52,100.0
493,jhardgoods,186,99.3
494,misterorme,203,97.4
495,iv_891,1494,99.0
496,ehexatech,5560,100.0
497,shyjapan,681,99.2
498,eco_techs,605,99.7
499,shopcelldeals,235564,99.2
500,adiros_79,126,97.7
501,murkman172012,4762,99.5
502,yaz4444,52,100.0
503,bug111999,3134,94.8
504,konza-deal-depot,373,97.6
505,mcgurgs-sells,660,99.8
506,imacer93,1844,97.9
507,wtradex,13536,100.0
508,digiboy52,1702,98.9
509,gbzenterprises,1115,100.0
510,phltbays,1850,100.0
511,honestliquidators,2030,98.4
512,joeybadabing22,1549,99.3
513,fishonubz,244,99.0
514,qdhan-93,1,100.0
515,thetradingpostde,752,99.0
516,edwardsantiag_0,1411,98.5
517,babga_0,4551,98.7
518,mimicoantiques,10369,100.0
519,birdsongg,1494,99.0
520,envisionvintage,1706,99.6
521,certifiedtech4less,156,100.0
522,razzpawn,100,99.0
523,shopper_stop2024,36,97.3
524,utradeshow,538,100.0
525,rickj70,792,100.0
526,esoteric_specialties,5255,100.0
527,flippingtimmyresale,1061,99.7
528,zhe-7779,634,99.7
529,pomonapawn2012,4328,99.9
530,friendsandfamilymarket,165,99.2
531,biddazzled,35680,99.8
532,slk002-store,106,99.1
533,todaysdeals0,34,100.0
534,luxxgoods101,0,0.0
535,sd_sales14,3238,99.8
536,stevmar14,5204,100.0
537,elizdod-70,4,0.0
538,david42packrat,679,97.8
539,best-deals-free-shipping,5029,97.2
540,agliquidations,545,99.8
541,javalee116,344,100.0
542,close-ups05,113,100.0
543,vipoutlet,483560,96.8
544,valuerecycleca,627,94.9
545,ewirelessgear,163811,99.7
546,vintag3world,377,98.2
547,easy_buy_tronixs,2691,98.3
548,49wfh_21,19,100.0
549,yardsalegaragesale,445,98.7
550,be.bay,716,94.6
551,seekndeliver,1496,99.6
552,westwayflorida-llc,2542,99.0
553,baxtop,1,100.0
554,kevscotkevi,506,100.0
555,micvande-61,1135,98.6
556,truebalancetech,50,96.2
557,rocksolidfinds,268,100.0
558,djurdjurastore,676,98.5
559,the_mae_group,1020,100.0
560,sc_sales-1,987,98.3
561,2cutedcopley1,1389,99.2
562,giving4good,2948,100.0
563,jmc_market,3730,99.3
564,bargain177,20,90.0
565,lastshotdown,1750,99.7
566,locker-adventures-with-aj-ventures,571,97.2
567,wholesalebroker,15867,98.9
568,towerhomecenter,3741,98.0
569,jacksexton3166,407,93.3
570,crabwarehouse,2586,98.2
571,tooldealz24,488,97.1
572,goodgoodthrifting33,345,99.3
573,twindad725,187,100.0
574,johnsonexpresstrading,259,100.0
575,socaltombraider,4039,97.8
576,thatoth_0,2004,99.2
577,201017s,72,100.0
578,kingf73,268,0.0
579,kymonte-14,62,100.0
580,cmdeals63,1587,99.5
581,discount17,13740,99.0
582,jaysecomstore81,6,85.7
583,yesia9,1779,97.6
584,hitexstore,121771,98.5
585,vp_culpeper,556,100.0
586,geeksbrain,3859,100.0
587,ratweenus,133,95.7
588,samcrank,272,100.0
589,bigbuckssales,6742,99.3
590,madehug_64,1,100.0
591,bt-smart,511,96.7
592,061909k,99,100.0
593,theestatekings,16370,99.1
594,skynon,55997,99.7
595,e-discountsusa,406,97.3
596,fivestarzdeals,33,100.0
597,yeroelecomm,4827,95.6
598,meeze5046,495,100.0
599,eande-18,2206,97.8
600,dmro2432,17,100.0
601,msolut_48,131,97.2
602,7vctr54,0,0.0
603,herrmann3979,4146,97.9
604,sweetroll2,74,100.0
605,bigpapisavings,7242,99.4
606,cjw42060,26907,99.6
607,houston2007,142,100.0
608,all_city_gold,7036,98.8
609,bluwirehg,1268,98.3
610,silverdollarcoin2038,465,98.8
611,gingers_closet,47,100.0
612,jave3097,91,100.0
613,macanz46,155,97.5
614,eboy4sale,2354,98.7
615,ciragust,25288,99.5
616,willis-mcgregor,22,95.8
617,ibrahialsaed-0,2390,97.4
618,buffakickz,220,100.0
619,zashiki-warashi,327,100.0
620,solupianc-54,463,94.7
621,dylagarlan_1,62,100.0
622,muslinbags,833,100.0
623,mikemike25,4,100.0
624,dirtrider13660,150,100.0
625,mach-3208,2,100.0
626,eco_saving,291,97.7
627,business-supplies-2009,6812,99.1
628,lookinfouradeal903,752,100.0
629,tiantian0579,6533,100.0
630,salado.depot,25217,98.6
631,ricquel680,-1,0.0
632,redefiners,1285,96.7
633,loopiez_4,1625,98.6
634,oneagaus-0,52,100.0
635,kohs_shop_japan,604,99.6
636,dvfgoods,1337,99.6
637,four_heads_trading,307,99.7
638,power.eagle,8665,99.7
639,mango222,1052,99.8
640,refreshingcub,826,99.2
641,moleco-35,3,100.0
642,yellowmosquitoesinc,1078,100.0
643,prodiscountsellers,7338,98.3
644,wesmas-20,4,100.0
645,encoretradingjay,5293,99.6
646,galileo37,3060,98.1
647,jjbauj-45,0,0.0
648,ccenterprises81,2140,99.6
649,williiabernit0,938,99.6
650,nevermore,5949,99.5
651,tocro_75,13,100.0
652,kam197921,0,0.0
653,cruzzycops,51,100.0
654,eshoreusa89,2921,99.1
655,reducingewaste,979,100.0
656,solsomaha,6479,99.6
657,iluvyrdsls,5000,97.1
658,tamub-82,18,100.0
659,yaaru_0,51,100.0
660,lkhan_3,37,81.3
661,snayr99,725,96.4
662,claha_80413,375,100.0
663,rayymer,836,100.0
664,bentley1017,4487,100.0
665,bubba_bruin,5926,99.0
666,thomakincai-1,3223,97.7
667,thriftstore_tv,4593,98.4
668,cellphoneseller1232015,6699,98.4
669,bigdealoutlets,9527,99.5
670,raccoon_man_resale,1629,91.4
671,734hwrecht,3965,99.2
672,cscdeals,22596,98.0
673,genuine-autotech,6913,94.8
674,jblac_1965,577,100.0
675,goodsfordays,1005,93.7
676,techandgadgetscenter,69,100.0
677,adnolor24,4811,95.3
678,hotdigital-international,24310,98.3
679,belo6188,3,0.0
680,newtechmaine,644,99.0
681,tht.us.yo4bzur8qo,100,100.0
682,reuselectronics,14478,99.4
683,hontoro2009,250,96.3
684,dealer-1988,1774,100.0
685,hcallaway13,3,100.0
686,primepursuits,28,100.0
687,cellsnotherstuff,3423,99.0
688,geochicago,11681,100.0
689,bolsan-0,420,100.0
690,lovethemtys,210,100.0
691,eshane22,271,100.0
692,em_w22,157,100.0
693,outletbedstory,2910,99.4
694,myriamt63,359,97.4
695,dtothepowerofthree,1480,100.0
696,phil_goodz,0,0.0
697,newdelight88,32,100.0
698,dealgiantllc,2068,99.7
699,treasurezforless,997,98.0
700,ceriamiatoe,3165,99.3
701,diamondjliquidation,126,100.0
702,j.wholesale,0,50.0
703,madkapitolism,2106,100.0
704,bistatesales,31941,99.3
705,goodbargainsuk,1245,100.0
706,zipzoomzipy,471,100.0
707,velbu6087_4wrylrqk,-1,0.0
708,smkkennsamu,21591,98.5
709,mayjune,1174,100.0
710,debhor-20,0,0.0
711,tmaclean1984,109,100.0
712,jarki-8908,7,100.0
713,419flip,6882,98.7
714,justperfectretailer,92,100.0
715,sherber14,77,100.0
716,uglymonkies,1697,99.1
717,napp241,119,97.5
718,wucall419,228,100.0
719,dragonsun-888,1246,100.0
720,mhhbaghai,37,100.0
721,capitalcitypawn217,1738,99.4
722,electron9410,501,97.0
723,tokyopanda,670,100.0
724,remembe-48,186,97.4
725,littlekitty0103,1328,100.0
726,blauriha,880,100.0
727,greenhornetbest,2058,99.6
728,sunshine2010_3,23,100.0
729,snowsurgeon1,1175,100.0
730,stellkandov_0,36,100.0
731,lifestylebyfocus,807140,99.0
732,yesbuenr-0,7,0.0
733,buymystuffnyk,1886,98.9
734,chaukirk26,10,100.0
735,thecelik,46,100.0
736,mmf896,1594,98.3
737,vmun2562,631,97.6
738,hs_technologie_llc,598,89.1
739,sohoartsupply,502,93.7
740,oliviabrookeandco-3,28749,99.6
741,king_art,690,98.4
742,jbrv4349,3,100.0
743,a1-vacuum,88,100.0
744,outspokendeals,594,99.2
745,jimmy-win,94,100.0
746,rchead,691,100.0
747,olivia580,70,100.0
748,omas-8992,0,0.0
749,jbtechcompany,8232,98.8
750,califas760,6,100.0
751,ucs_deals,270,98.3
752,englishlabrador,3271,99.5
753,pace-43,7,100.0
754,cidstore,62,0.0
755,lsdiscsinc,46847,98.1
756,lgtfashion,3954,97.9
757,georgia54321,316,96.7
758,nextera-gear,22,100.0
759,jachami72,98,100.0
760,sandylake110,897,100.0
761,olivekaybgallery,70,88.3
762,patw1050,9,100.0
763,nina_942,5,100.0
764,eastcoastthrifters,15,82.6
765,syfar_22,3,100.0
766,dihe-3513,4,100.0
767,8ten1944,221909,99.4
768,comet-electronix,3149,96.5
769,lindag.941,721,98.0
770,smartbuys-discountdepot,1972,98.9
771,eltima_goods,1550,100.0
772,mdrretailsolutions,36,100.0
773,skater5269,4134,99.1
774,dukagikomba95,1,75.0
775,rmagee_95,14,88.9
776,559dealking,293,100.0
777,imasterit,1872,100.0
778,jellybel_20,638,92.2
779,vangservice,282,97.8
780,alltechrevival,1966,99.3
781,brkuk-47,3,80.0
782,betterservice2014,210,100.0
783,rolerguy,1268,100.0
784,jrad_25,2,0.0
785,ahkh-418,1767,98.2
786,jz1988_b,186,94.4
787,amazingdealoutlets,1336,95.5
788,v-rods-r-us,12347,99.4
789,larhrobi-0,0,0.0
790,southerngirl98,3,50.0
791,aiste_9530,0,0.0
792,taxfree4all,5529,99.3
793,grcar7563,212,100.0
794,savingalot,6731,99.4
795,wp-resale,978,99.6
796,consumersale2017,1175,98.5
797,mjp4re2000,2649,100.0
798,streetc6,0,0.0
799,pskrusa,2414,97.8
800,sarah.urbanski,411,100.0
801,texasconsignmentshop,8852,98.7
802,dy-61342,24,100.0
803,montgomeryalabamapickers,705,98.7
804,bringyouroffer,514,99.3
805,pawnusawilmington,5272,99.7
806,sermar-7316,204,95.7
807,anatolia04,2304,99.4
808,lookawaylad,4892,100.0
809,gothicloner19925,112,100.0
810,godfatherpawn1,1844,100.0
811,dealspread,1491,99.7
812,pixelbeatdvd,80,100.0
813,hmdcwd08,5260,98.6
814,thetechfacility,9543,93.3
815,jacot1043,6,100.0
816,ccmiller931,4765,97.8
817,world-sellers1,4816,99.3
818,elupd-93,428,100.0
819,573macr,4499,99.0
820,spirithealthcare,8112,99.5
821,longwireless72,989,99.1
822,hknorgren,923,99.6
823,also714453,1,0.0
824,jgr_sales,5114,97.0
825,kicks_4_you,2915,98.6
826,zhw0021,21467,97.1
827,coffeesauce,0,50.0
828,poptrucker,221,97.4
829,jepie_2693,0,0.0
830,gray_knight,918,98.4
831,the*surplus*store,15745,98.6
832,northraleighsales,778,100.0
833,gingerrugger,376,98.0
834,try2fly217,75,91.2
835,cavus-66,21,100.0
836,e_shopper_cartz,425,100.0
837,heiz86,0,0.0
838,henrsmithj-0,153,100.0
839,viper62309,3978,97.6
840,jonran_94,0,0.0
841,4surpluscity,134051,97.8
842,isarabakingco,23,100.0
843,ridmaco,5450,100.0
844,secondlife2020,940,98.8
845,eastvalley_vintage,3660,99.2
846,mopi_31,2812,99.5
847,treasure9,6666,99.8
848,avery324,309,100.0
849,littlejoesstate,8352,98.1
850,sjhgl3,202,100.0
851,afripp7,2227,100.0
852,eliguti6643,5,100.0
853,laptops4u-14,4902,97.1
854,sale_shop6,97,100.0
855,nimi4828,1,0.0
856,aneliz881,38,100.0
857,brocjame6,105,100.0
858,khan_jasm,4,0.0
859,cleliasgroi123,299,100.0
860,assim2002,56463,99.7
861,delightfulfind,131,90.2
862,blessuu2,1579,98.3
863,generalstuff11,388,100.0
864,rale_3651,807,99.2
865,bargaincentral15,1668,100.0
866,dad_planet,5956,99.5
867,connermacloed,72,100.0
868,mr.md178,425,98.9
869,aloha_amor,4,100.0
870,phonerepairz,2013,98.6
871,6ave,91273,99.8
872,slda777,801,97.9
873,mightygee,78,100.0
874,ayeidibaba,13,0.0
875,jesyanez0,85,98.9
876,tlaser99,3238,100.0
877,vac-stars,1323,97.8
878,kate2163,77,100.0
879,brazun-41,2,100.0
880,variedemporium1,0,0.0
881,drdealsaz,118153,99.1
882,transmetal2012,430,100.0
883,rictol-6774,2,0.0
884,designerbrandss,8652,99.7
885,karkar.rklgdr,32,100.0
886,nrh692,4,100.0
887,plexus9sh-23,19,0.0
888,ebulletsllc,6297,98.7
889,kazrafe0,65,100.0
890,wishing_stone,107,0.0
891,joslag_7,138,100.0
892,kassie1316,918,100.0
893,yunyun06167,9,83.3
894,justcannotstandittoo,82,96.6
895,tkp_62,0,0.0
896,falloutbunker,10013,99.2
897,s.girl1228,145,100.0
898,swbtyhunter,1627,100.0
899,glady.bee,22,100.0
900,luble_9,1906,100.0
901,zoidz_teon,173,100.0
902,hanschristelle6289,850,100.0
903,hagi7805,33,100.0
904,dreampicker,220,75.0
905,km.mudsrus.com,559,100.0
906,danpelay-76,1369,98.1
907,sdbigguy,155,97.6
908,atlas744f,86,100.0
909,aldaroca86,291,100.0
910,juicedu-72,2,100.0
911,debb.olso,215,100.0
912,yaqupa-33,5,100.0
913,thrif_trove,13,100.0
914,jaxjea1,555,97.1
915,rigomor-49,1,100.0
916,mcs_onestopshop,226,100.0
917,albadementira2012,153,100.0
918,dmc3197_czthlhxwz,37,0.0
919,next1gen-tech,21,100.0
920,ron_avp,679,90.9
921,vinegret38,2176,100.0
922,firstlovegk,3856,99.0
923,nationwidedistributors,187175,96.9
924,aj-sales2019,170,99.0
925,alex_bmq3010,113,100.0
926,darlenge-0,72,100.0
927,power_parts_plus,1610,100.0
928,casmy-6,0,0.0
929,ginger520,48,100.0
930,onlinestore4,149,85.1
931,a11greatfinds,41,100.0
932,chancartw_74,3,100.0
933,bend_redmond_restore,184,100.0
934,4ddmq94,0,0.0
935,gabrielljones-case0,7,0.0
936,azure-market,15,100.0
937,cheevitdee,5637,97.9
938,sbroddle,167,100.0
939,guzm-lace,2,0.0
940,stema-789391,51,100.0
941,hazim-25,3,80.0
942,ghara.us.uuarkj,28,100.0
943,faresamh,2235,96.1
944,betterway36,898,100.0
945,kaesan21,673,100.0
946,gchottie22,105,100.0
947,thedappe_74,2403,98.2
948,achyughorsain_0,19,100.0
949,alceba_14,2318,99.5
950,annaleighsellsthings,62,100.0
951,wbitems,651,100.0
952,zhu6899,0,0.0
953,dailyin-ssst,33,97.1
954,sashaa888,58,96.8
955,teskrend,48,100.0
956,buyitnowprices218,56,98.1
957,art_of_sale,5023,93.3
958,nrazwani,3,0.0
959,supplierstechpro,179,100.0
960,senajapan,75,100.0
961,jbgigi77,7,100.0
962,nikehead04,200,100.0
963,vladmat-7017,0,0.0
964,ar-darde-w5lttolx,1,0.0
965,rsgtech,1207,100.0
966,crypriptreasures,1087,95.4
967,isamart824,26,95.5
968,ma-24444488,13,100.0
969,relenow098les,30,0.0
970,tvforlessmn1,283,100.0
971,dape_1450,262,95.6
972,chayaca9,0,0.0
973,planty99,1274,100.0
974,rathvorat,299,100.0
975,dzadro,132,100.0
976,blimstre0,217,96.7
977,ummu-y,1,0.0
978,jnscher,374,100.0
979,jayjaypeach,22,100.0
980,oakraid-3416,661,100.0
981,jefze-22,3,0.0
982,zmtxq68,1,100.0
983,dzungz70,13,0.0
984,azgg07,48,100.0
985,josecsanchez23,8,100.0
986,starlight.321,2718,97.4
987,trtotrito2011,593,98.3
988,animee4life,11,100.0
989,pds267,5,0.0
990,dele_7,0,0.0
991,ernpar_53,9,100.0
992,ewe.li18,675,99.1
993,michi_shop,1937,96.5
994,express-way,13161,99.5
995,johr-41,10,100.0
996,dartha_14,0,0.0
997,pari0820,1093,97.2
998,thowell888,1935,96.5
999,marisa_4863,5,100.0
1000,hatarakuman-2118,222,99.6
1001,krazydealz22,353,98.8
1002,industrial.resolution,4260,99.5
1003,extsy6,25,100.0
1004,discountdeal777,97,98.9
1005,lilyspad11,3536,98.7
1006,hblakman,478,77.8
1007,saamr71,1396,95.7
1008,chapr_1780,1,100.0
1009,emgi7926,0,0.0
1010,wolfdog615,938,96.1
1011,swiftsourced,0,0.0
1012,ktakuya2012,4342,99.2
1013,nestnexus,2041,97.4
1014,deb_8029,0,0.0
1015,miamimini,26,95.8
1016,yabeee22,462,95.8
1017,ken-tris,35,100.0
1018,tdiaz8,2,100.0
1019,oiloftheozarks,121,100.0
1020,bjzuoshangguan,98,90.9
1021,bigbubba8626,1317,95.6
1022,jender.io,126891,99.3
1023,atk_marketplace,623,100.0
1024,japan_goods_ship,452,97.0
1025,sanlosu200,0,0.0
1026,g-asbil-nryptq09,22,83.3
1027,yaser2013,207,100.0
1028,theoutdoorguy00,454,100.0
1029,for-your-treasures-japan,1190,98.6
1030,omaalotaib63,20,100.0
1031,techliquidator,553,95.5
1032,aloe.white21,1124,94.9
1033,genuinegoods01,43,100.0
1034,flclstore,58,93.1
1035,beefyk,4087,99.1
1036,bfinman,5189,99.8
1037,soibomm,2409,100.0
1038,sakuraya.77,1049,96.8
1039,divelysurplus,15745,97.4
1040,theycallmered88,188,96.6
1041,justbuyit_99,17,77.8
1042,criticalcommodity,3601,98.6
1043,dee1152,562,100.0
1044,gold4u.com,29977,99.8
1045,krfeng,41,100.0
1046,forever_us,38,100.0
1047,edentribeshop,1439,94.1
1048,jadon_h,831,91.7
1049,globaldeals17,227,97.9
1050,magicianmatias,322,100.0
1051,tanocyjapan,42,100.0
1052,damierlangevine,463,100.0
1053,wim4246,265,100.0
1054,shop*quality*deals,9677,99.2
1055,marmar_4832,1,100.0
1056,ms-online-store-us,872,100.0
1057,queenquee-44,2,0.0
1058,mixmasterpusa,1965,100.0
1059,kasan-3187,7,100.0
1060,discount.centralal,3416,99.2
1061,pargo-commerce,3350,98.5
1062,laboy_1030,2,0.0
1063,noti-4234,5,0.0
1064,jia_ya6,708,97.0
1065,uclme7,309,96.2
1066,adamantrix,254,69.2
1067,pctl1946,0,0.0
1068,christine_26767,1,0.0
1069,archeologycity,13336,98.6
1070,indianflash,8127,99.8
1071,siepr0,0,0.0
1072,tomn_622,7,100.0
1073,babypig888,155,0.0
1074,wakyu0,112,97.4
1075,andhor-31,0,0.0
1076,danielj0220,3827,98.5
1077,kobec2009il,2775,97.9
1078,angel._1507,5,100.0
1079,andrew_lizs_treasures,1885,97.3
1080,beautyrenew,28488,98.5
1081,darblys,4966,99.6
1082,gora-4901,0,0.0
1083,sky360-9,24,100.0
1084,wama_3804,0,0.0
1085,omgshoes,539,96.2
1086,thebestfamilydiscountstore,8,83.3
1087,bossmustang666,1836,99.4
1088,black21white,12,0.0
1089,gozuc_0,642,98.2
1090,sterow-8716,0,0.0
1091,pupa_8547,0,0.0
1092,greedisland,1,100.0
1093,poolshoo-56,12,0.0
1094,freshdeal,749,96.3
1095,mohael_3952,0,0.0
1096,moali12392-8,53,95.2
1097,marob-448,0,0.0
1098,superradcollectibles,1106,100.0
1099,japan.innovation8008.shop,196,100.0
1100,jls-enterprises,3,100.0
1101,deals2ubyme,7,100.0
1102,nocr9472,1,100.0
1103,farturgan0,10,100.0
1104,amiller478,274,94.4
1105,zenithsavvy,13,100.0
1106,tonyd5600,23330,99.6
1107,mr384byrd_8,150,100.0
1108,groco30,0,0.0
1109,secam-llc,19,85.2
1110,snows_store,6,100.0
1111,yes_japan,1139,86.8
1112,ifixawire_0,98,95.6
1113,clairicia77,8,100.0
1114,druzz-66,1,0.0
1115,mopkobka80,42,100.0
1116,chino.c,14,50.0
1117,7three3,107,100.0
1118,fitbiz561,115,100.0
1119,michcon-4477,0,0.0
1120,krystelle-store,3894,98.3
1121,faresales,2357,99.6
1122,pnpsaun_0,27,100.0
1123,stackinbndz,0,0.0
1124,mymias,583,96.5
1125,jamen_2079,31,100.0
1126,ureus64,128,100.0
1127,tibos_6553,0,0.0
1128,ppwholesaleaz,0,0.0
1129,jagib8950,1,0.0
1130,jdgo_25,126,92.3
1131,hiykawa_0,152,94.6
1132,omamohame612,2,50.0
1133,minishi_10,293,100.0
1134,pokejapan2018,1170,91.2
1135,webuy376,16245,97.7
1136,jp6jd63,0,0.0
1137,techpro_1,1205,99.2
1138,marquetong-2,7,0.0
1139,treasurefeeling,766,97.0
1140,littlescallions,97,100.0
1141,ragtop.man,2571,100.0
1142,everythingemporiumandmore,396,96.3
1143,m_7alawani,1,50.0
1144,jaalg6533,1,100.0
1145,bestch-29,23,88.9
1146,ariadn_12,3,100.0
1147,onlinevendormachine,848,96.4
1148,kateeempire,2,100.0
1149,bar_fard,4,0.0
1150,jojogirl82,644,93.8
1151,merricom_inc,86,100.0
1152,guanmus,50,100.0
1153,desertwaif4135,1463,100.0
1154,brethrenjames,1011,91.1
1155,rob30106,2,100.0
1156,kasim_2831,0,0.0
1157,qiantr0,0,0.0
1158,vidan_81,0,0.0
1159,pleiades63,89,96.4
1160,williawe-88,161,100.0
1161,the.real.doctordave,1362,100.0
1162,finesellersbooth,2267,95.7
1163,privatesellersnetwork,4219,98.3
1164,worldspecia-0,0,100.0
1165,shir_9659,0,0.0
1166,jp_legend-1427,1405,95.6
1167,busyb_86,34,93.5
1168,harah_931,1350,98.2
1169,lilji88,0,0.0
1170,xik514,0,0.0
1171,ashcr_2746,7,0.0
1172,nfts-57,0,0.0
1173,tokyotreasuretrove,216,99.0
1174,electroids-com,704,98.6
1175,lpsinc,3428,98.7
1176,huesteen,75,0.0
1177,homecia,6,100.0
1178,kk4hu-38,0,0.0
1179,ikham-0,644,100.0
1180,itemsfourless,726,98.6
1181,habpri0,72,100.0
1182,ne_351581,0,0.0
1183,dn2285,174,100.0
1184,ecombum,0,0.0
1185,saleslistings,244,99.1
1186,cw10-72,0,0.0
1187,fullbright-sales,1247,99.3
1188,phpeli-0,0,0.0
1189,lasvegassneakerheads,234,93.3
1190,sh6751,0,0.0
1191,qiago20,3,0.0
1192,rachelmh99,1,100.0
1193,pacpac32,0,0.0
1194,madisynthill21,0,0.0
1195,cab3812,257,50.0
1196,bestprice4you2006,2728,97.9
1197,9147883999,40,100.0
1198,cabool-95,4,66.7
1199,febarcelos1986_7,126,100.0
1200,asfhhmz2,231,97.1
1201,josmur_4227,0,0.0
1202,ksorat,1281,100.0
1203,japan_world_shop,2059,99.7
1204,burntfrog6,29,0.0
1205,dck7h-41,0,0.0
1206,bettertodaythantomorrow,4952,99.0
1207,ethnic400,3980,100.0
1208,clubcaribean,2396,96.8
1209,ibim9552,0,0.0
1210,javari-77,2,0.0
1211,shehil-90,-1,0.0
1212,ausjor_34,0,0.0
1213,ombra_8766,1,0.0
1214,micbal7208,2,0.0
1215,wireless818,389,100.0
1216,unogoo_trade05,9009,98.3
1217,grandmothersart,4136,96.2
1218,jakowa31,1,0.0
1219,mcg_3256,0,0.0
1220,luxuryn3856,6,100.0
1221,universalretail,0,0.0
1222,mitchearl23,584,98.4
1223,ebabe-777,1,50.0
1224,jabe_736662,0,0.0
1225,microcity146,5700,100.0
1226,jaqu_8722,0,0.0
1227,energy_k,764,0.0
1228,ts_529,1,100.0
1229,namaj-6682,4,0.0
1230,mraron_kqhn8gf,14,80.0
1231,gregvacman_6,133,100.0
1232,jomatt1987,2,0.0
1233,elko-68,122,0.0
1234,jahjah2611,28,0.0
1235,aa-warehouse,1134,88.6
1236,br365-japan,1010,100.0
1237,noobcakeresales,1991,99.1
1238,janjan_japan,836,99.5
1239,green-kobe,524,99.5
1240,moto_hobby_jp,13562,97.3
1241,homeessentialhub,5,100.0
1242,jlindse8,905,100.0
1243,yukiman3003,673,98.2
1244,shibuyasyoten,52,100.0
1245,rikilynsantisteva_0,5,100.0
1246,bright_japan,847,97.6
1247,sakura-store.japan,1229,99.7
1248,patod_7088,0,0.0
1249,rmbaudot1994,42,0.0
1250,robernewto_4,136,100.0
1251,nzoputa,1714,97.3
1252,blackjackcat,10380,100.0
1253,mr2013us,347,87.2
1254,labad2024,6,80.0
1255,rrsa1esllc,1035,98.9
1256,ricus.bez1yhuqp,89,0.0
1257,makupmistress,164,100.0
1258,nomoh9351,0,0.0
1259,racesp36,0,0.0
1260,josuroble_1,15,100.0
1261,mujawir,342,96.0
1262,tiffanymarie5,1,100.0
1263,krodra_0,0,0.0
1264,huncho123,0,0.0
1265,comfgoods,29,0.0
1266,nasm_9080,0,0.0
1267,motoparts1988_8,5,0.0
1268,emalha-32,-1,0.0
1269,aspj8606,2485,99.5
1270,qumcca_62,0,0.0
1271,jahlioness83,83,100.0
1272,freightnavy,8,0.0
1273,superdealglobal,1660,98.0
1274,rubefrancisc-3,44,0.0
1275,lugo-7829,0,0.0
1276,mitgoods,0,0.0
1277,techno_cali23,2,0.0
1278,scem_46,0,0.0
1279,marihar_5614,1,100.0
1280,dev_7243,0,0.0
1281,jamart3962,0,0.0
1282,babbz963-3,1,0.0
1283,meow5413,14,100.0
1284,dikoldei0,0,0.0
1285,juan-az,4,100.0
1286,djsasson18,501,100.0
1287,apc_sales,3702,98.9
1288,wefun_27,2,100.0
1289,regdol86,0,0.0
1290,pekar._27,1,100.0
1291,ecomsolutions,343,100.0
1292,worldmerchant,3085,83.3
1293,buywhizzz,1429,87.5
1294,rug9575-sinhps,47,100.0
1295,jahel6362,0,0.0
1296,jastal7710,2,0.0
1297,wearemarketing,24,0.0
1298,allysoncap,101,100.0
1299,wood45tv,64,0.0
1300,nowashi_46,0,0.0
1301,miphil-9471,0,0.0
1302,danden-40,1,0.0
1303,shepher-7610,0,0.0
1304,saucch99,0,0.0
1305,smit-2494,0,0.0
1306,oneclickwarehousedotnet,1682,99.5
1307,lovelee16,48,100.0
1308,amilongori0,3753,92.2
1309,hiddenfindsnow,2797,99.3
1310,tronicworld1,2632,99.5
1311,rts1209,771,94.3
1312,buyvintagenow,184,99.4
1313,jar_enterprises,260,100.0
1314,quickdeal12,1317,94.4
1315,sakit-annou,2449,95.1
1316,amkha6693,109,93.6
1317,mr.flexingonem,609,91.0
1318,qtais-qtais,1510,100.0
1319,mdus_75,50,100.0
1320,trap21061,503,97.2
1321,tlretail,188,96.7
1322,matryoshka1,22672,98.3
1323,jus7in77,122,95.9
1324,holidaygiftsexpress,222,100.0
1325,happybunny_3,111,94.7
1326,omm77z,217,100.0
1327,unitedmind_0825,2278,99.0
1328,nihonmono-shop,919,98.9
1329,dniex_tokyo,834,96.2
1330,stand_29,2069,99.8
1331,sg01-3,30,100.0
1332,rugerskick,1696,100.0
1333,brha-4990,2,62.5
1334,ticke-9351,162,98.8
1335,jae10_26,206,99.0
1336,5-discount,567,95.9
1337,dayv_tapi,230,83.3
1338,sani_8358,0,0.0
1339,howmech0,190,100.0
1340,tennfie0,3,71.4
1341,heyde-89,483,97.1
1342,bowtietronics3,133,93.6
1343,soundpetanimalrescue,1131,98.6
1344,greatstoragefinds4u,3398,100.0
1345,sweetgirl010203,1350,92.3
1346,betterchoice4life,40,95.3
1347,everythingsells100,1295,99.7
1348,goldendeals-usa,1930,99.2
1349,golfdaddy,704,99.0
1350,pabrya-12,41,88.2
1351,victosin,36,76.2
1352,everythingforsaleallover,616,74.3
1353,sales_today2,517,98.6
1354,momssidegig,120,98.3
1355,tiffa-tchir,466,100.0
1356,greatauctions21,7617,97.4
1357,devinsmarketplace,7,88.9
1358,vikingc-85,1016,96.2
1359,noctiluc,2593,96.4
1360,wohu.gmail,50,69.2
1361,playtimezone0372,2027,95.4
1362,weget2ushop,2645,96.9
1363,zabjwholesalecentral2015,851,100.0
1364,pamonmediallc,756,93.3
1365,3804store,1591,98.8
1366,javieanselm-0,589,95.5
1367,cheapees-shop,19588,95.7
1368,caseydoes84,726,99.3
1369,saclfep_66,526,89.4
1370,professionalsupplies,58,100.0
1371,notjusthifi,1757,97.2
1372,deadeye1976,75,100.0
1373,liquidation.land,13,88.9
1374,damen-4609,657,97.5
1375,mrs_ft11,29,100.0
1376,cuprum,74,100.0
1377,blessedlife16,3333,98.4
1378,essentialliquidation,230,97.7
1379,wholesale.iq,1013,94.4
1380,ace-collection,486,94.4
1381,oncewantedonlinesales,528,98.9
1382,laksm-8269,57,88.9
1383,lamborghini0308,9415,98.6
1384,outlawwholesaleliquidators,2696,98.1
1385,jorglorent_0,0,50.0
1386,wheelnddeals,79,96.3
1387,kenj313,32,96.6
1388,qualitysurplussalesllc,8244,98.4
1389,zippadoo,1353,100.0
1390,jebell8,56,0.0
1391,magnate91,91,100.0
1392,przemeknyc407y,488,100.0
1393,jonesn3hjq,1853,100.0
1394,dtmk1,178,100.0
1395,thehouseofgigi,3527,100.0
1396,random-goodies,459,100.0
1397,therecklesspath,928,99.6
1398,leesfashionleather,1196,100.0
1399,ricacommercial,50549,99.7
1400,mos_0809,444,0.0
1401,restj_68,0,0.0
1402,digitalwideworld,249,97.7
1403,josem8850,802,100.0
1404,headz-or-tailz,472,100.0
1405,iceman321532,1077,100.0
1406,mitru8863,0,0.0
1407,heider1950,8,0.0
1408,noblesoapco,1824,98.4
1409,marrub158,0,0.0
1410,vladyero_65,1,100.0
1411,findgooddeals_1460,2,100.0
1412,www.turbogod.com,359,100.0
1413,wjo-56,0,0.0
1414,anatoli44,202,100.0
1415,veronicpanago-0,1,100.0
1416,mazinger1982,623,98.3
1417,bobsemail2005,1492,100.0
1418,shlin_7413,0,0.0
1419,robermarti-28,1612,100.0
1420,nancytran1979,616,100.0
1421,tommybl1975,655,99.4
1422,trmil-5910,0,0.0
1423,racre8708,0,0.0
1424,judyo508,1065,100.0
1425,systemlord**,74,100.0
1426,glen.bedna,1268,99.0
1427,shihtzusmile,4520,100.0
1428,pomsarecute,13,100.0
1429,bagborrowdeal,330,100.0
1430,yelnats125,34,100.0
1431,loel_64,0,0.0
1432,raymu-verga,7,100.0
1433,discountpros2010,8711,99.4
1434,batkar_3,0,0.0
1435,lucacci-8,4,100.0
1436,eblair84,14,0.0
1437,senorfinch,6,100.0
1438,brehern2933,9,100.0
1439,niha1346,0,0.0
1440,lydirobso0,3,100.0
1441,zarapatz1,38,0.0
1442,marsa_772,0,0.0
1443,certifiedrefurbished,1109,99.6
1444,uetronics,21966,98.8
1445,shopall3,6,100.0
1446,vastyy,21,100.0
1447,msko86,22,100.0
1448,noegar-5246,1,0.0
1449,isably8717,142,100.0
1450,washi-alexa,262,97.0
1451,sellerjay_876,0,0.0
1452,anve-2342,0,0.0
1453,smr710,7,100.0
1454,dropss7,15,100.0
1455,truecagirl1004,496,100.0
1456,hellogoodlife1,12742,98.1
1457,rahino21,28,100.0
1458,mer2022,48,100.0
1459,getmusahm,93,100.0
1460,steals-dealsonwheels,401,97.2
1461,joelbecerra1012,353,99.3
1462,omakase.0-99,9,100.0
1463,rakancatch,1067,98.6
1464,electronicresellsx,0,0.0
1465,2nd.chance.marketplace.inc,269,100.0
1466,micbe_1667,0,0.0
1467,jeruthe-58,1,100.0
1468,madeinjapandeals,60,100.0
1469,hkumi,257,0.0
1470,conks_top_notch_sales,2368,98.9
1471,yveeve2,0,0.0
1472,alexkurdy-0,2,100.0
1473,bigric2121,4,100.0
1474,franklin1923,1591,100.0
1475,juszh13,0,0.0
1476,zaytrim13,0,0.0
1477,hjslentz,903,100.0
1478,bec83,15311,99.9
1479,geraserra_0,1956,95.5
1480,hez-1631,26,100.0
1481,shiba_00_japan,1021,96.8
1482,allen.king23,37,80.0
1483,natngu1770,0,0.0
1484,innovative-solutions-and-sales,2528,99.3
1485,tylerh24,1,66.7
1486,tamstoy,1416,100.0
1487,lou240_1,20,100.0
1488,plugdistrictt,3,100.0
1489,kazuya07kazuya,462,94.6
1490,2014xcess,70143,96.7
1491,ve-204,780,100.0
1492,runnitupbxnkroll,0,0.0
1493,wmjf-60,1,66.7
1494,2015livel,29,95.7
1495,turbotradejp,33,100.0
1496,kenm-93,155,98.1
1497,fashion-picks,1255,100.0
1498,buy-here-inc,9352,98.9
1499,seller47269,3,0.0
1500,elctro1city,4083,97.5
1501,sursay,978,99.2
1502,tradingcards777,17,100.0
1503,ogsnretros,222,100.0
1504,melloresells,1,0.0
1505,chauncey.bishop,315,96.3
1506,hillmd,257,100.0
1507,noahsimonian,174,100.0
1508,justgoodstuff-nj,18045,98.9
1509,unrealpalletfinds,7,100.0
1510,gloveaffairs,2350,100.0
1511,t.leaf0122,601,100.0
1512,rosaafo-6,22,100.0
1513,always.deals,124111,98.1
1514,19bigal63,512,100.0
1515,nvrslowdown,22,0.0
1516,refindllc,46,100.0
1517,kegre-5624,20,100.0
1518,azua101,295,100.0
1519,hert.jos,924,96.6
1520,synergyindustrial,55966,98.6
1521,b.b.-6508,48,100.0
1522,meritus.k,112,96.6
1523,gadgetlake,292,100.0
1524,books2charity,2037,98.1
1525,stlnismoz32,280,95.2
1526,miracals,713,97.9
1527,alamocity1527,318,100.0
1528,whickeddeals,13837,99.0
1529,steezysteals,1233,100.0
1530,cdmbg,570,100.0
1531,antiqueswag,205,100.0
1532,happy-mg,1005,99.3
1533,total_com,2589,100.0
1534,t0pgun2005,15379,99.7
1535,ninoj_85,122,98.8
1536,betofl1,8664,98.9
1537,theprimetimeoutlet,1580,99.5
1538,thriftingmom,282,100.0
1539,bonitatreasuresinc,24205,99.5
1540,gran_room_tokyo,289,99.2
1541,ussoccercollector,1036,100.0
1542,beauty_2018_fastshipping,7664,99.2
1543,fixanything$$$,3111,99.4
1544,localelectronics2010,2904,99.2
1545,tokyoselect55,3493,99.2
1546,rade_inc,1374,99.7
1547,erswar11,9753,99.4
1548,renli1000,1048,100.0
1549,isaiahhardy,589,100.0
1550,allworkingparts,106,100.0
1551,fotobike,407,100.0
1552,k2empire1,2492,98.8
1553,galina4558,724,98.6
1554,mizkim-36,1274,99.3
1555,nate0322,1250,98.7
1556,rl-group1,13829,98.9
1557,qualityproducts05,71,98.6
1558,aromaarcade,13,0.0
1559,kai.xch,70,100.0
1560,discountdenfinds,45,97.9
1561,ricardo_bibian,2,0.0
1562,beansport,859,100.0
1563,recycgal,1056,100.0
1564,bigtims_attic,554,98.0
1565,howwinne-67,8,0.0
1566,manba3449,0,0.0
1567,tikkic-39,18,100.0
1568,pdrickyyy,0,0.0
1569,moonshine_mike,854,100.0
1570,weenerdog7,762,98.3
1571,dmecom56,5206,99.1
1572,debapt_2,0,0.0
1573,vegas_estate_finds,1901,100.0
1574,jp-valuablegoodsshop,101,100.0
1575,rao-store,822,100.0
1576,kaja_3318,318,98.7
1577,johnwoo_mini,1333,99.4
1578,ninjastrike007,2657,99.7
1579,monkeytote,19271,97.9
1580,gusgr593,904,99.3
1581,sakura396,415,100.0
1582,mad*alex,1969,100.0
1583,zhanzhon_4,402,98.1
1584,usabiga_9nhly7f,49,100.0
1585,cmdoyle53,148,100.0
1586,kito114,338,99.4
1587,lalaflower_jp,48,100.0
1588,vh4316,24,100.0
1589,sagahventuresltd,171,98.0
1590,ama-terasu,1346,99.6
1591,dlcvending82,2733,98.0
1592,miscelvania,8156,98.9
1593,yumijam,577,100.0
1594,more-9800,0,0.0
1595,tia1891,51,100.0
1596,japan._.gems,24,100.0
1597,japan_gems,614,98.9
1598,nellybelly628,1472,100.0
1599,21karlos,121,100.0
1600,omakase_japaaan01,806,99.7
1601,norez-14,104,98.8
1602,sonoftchoup1,267,100.0
1603,a.m.treasures,1329,100.0
1604,aiper21,0,0.0
1605,byritecoin,35,100.0
1606,mpwnyc,341,100.0
1607,commongroundrob,305,100.0
1608,sakura_happy_market,31,100.0
1609,epeenphrine,64,100.0
1610,runsun,74,98.7
1611,jmcadv-0,130,100.0
1612,fujiyama-roc,134,100.0
1613,stbonnett,6174,99.4
1614,expo_jp,548,99.1
1615,r9r4x74,0,0.0
1616,consm_96,0,0.0
1617,salemiamifl,90,100.0
1618,ehrman8er,223,100.0
1619,itsuwa-shop,561,97.9
1620,yokamonmarket,1456,96.4
1621,elemar0505,491,100.0
1622,tayzay,147,100.0
1623,talama65,0,0.0
1624,kvicknair007,1,0.0
1625,dealc_16,3717,98.4
1626,matmac-10,0,0.0
1627,allyall-38,1,100.0
1628,pggonz-79,0,0.0
1629,aimil-4912,3,100.0
1630,lcayot,1042,100.0
1631,andgiov80,3,100.0
1632,francine115,67,100.0
1633,88.japan.seller,613,99.4
1634,kathytreasurechest,10528,100.0
1635,takmiya-15,11,100.0
1636,cam_968113,4,100.0
1637,somethingsold-new,235,0.0
1638,origin_tokyo,44,100.0
1639,beaverisland,298,99.1
1640,yuyu.japan,18,100.0
1641,lindstabi,152,100.0
1642,dps2121,771,100.0
1643,uniqueequipmentresale,6581,99.3
1644,chloechristian304,0,0.0
1645,alyson701,338,100.0
1646,hitosakulabo,76,100.0
1647,colro-1267,0,0.0
1648,negitan.shop.japan,1916,98.9
1649,lpdistributing,3652,98.5
1650,kazukisatou,286,99.3
1651,beckysuperdeals,18234,99.4
1652,naomimi9,163,0.0
1653,alysani_0,4,100.0
1654,electronics1540,952,96.9
1655,thingsfoundok,207,100.0
1656,olimue-5950,3,100.0
1657,jt*s-online,3348,99.7
1658,dmn-1052,10,100.0
1659,itsze0nx,44,100.0
1660,bxthrifter,729,99.0
1661,kagavr83,0,0.0
1662,only1swype,2,0.0
1663,bbygrl818,244,75.0
1664,beeneenut1,417,100.0
1665,killerklozet,3367,99.5
1666,thegoodgreenwitch,135,100.0
1667,discounted_dealsdaily,72,93.8
1668,therealdeadyte,3119,99.5
1669,future_shop,0,0.0
1670,tigmar0,0,0.0
1671,simplelifedesignlab,88,100.0
1672,ultra_savings,3471,100.0
1673,lilaznboi87,862,97.4
1674,mz_garege_jp,50,98.1
1675,natshe-4422,1,100.0
1676,a-1salinc,7212,99.0
1677,cich_7033,5,0.0
1678,imasava_31,1,100.0
1679,gebee-69,7,100.0
1680,mycutefinds,1189,100.0
1681,lilyposh2014,14,100.0
1682,triniskies23,560,98.4
1683,aves23_57,2,0.0
1684,unique_trades,1769,98.8
1685,tzaite,521,100.0
1686,yelamankz,0,0.0
1687,shop_kk,160,100.0
1688,angegure_0,5,0.0
1689,caitlycome0,55,100.0
1690,missouri-liquidation,26206,99.2
1691,crysolo-90,1,100.0
1692,8qv9g-26,0,0.0
1693,mavikto_5,1,100.0
1694,buy-from-here,453,98.5
1695,adoreceres,62,100.0
1696,sakas-4014,0,0.0
1697,maruhachisyouten,122,100.0
1698,sarahsarahprincess1,997,100.0
1699,kaynikon,0,0.0
1700,curatedgems,1254,99.5
1701,juancriv2936,0,0.0
1702,dripzl_38,12,100.0
1703,chiri-initiative,48,100.0
1704,transporter_in-ex_japan,48,100.0
1705,jananhabibi,222,0.0
1706,jmit08,6,100.0
1707,chlocarte-863,159,90.9
1708,greenml2009,15,0.0
1709,nisheraza_34,5,100.0
1710,npmc2010,29850,98.5
1711,rog_458,660,98.8
1712,kstar1710,1309,100.0
1713,805xtrememotors,1370,97.3
1714,goatek,602,96.9
1715,pugslovelouie,1994,98.5
1716,dealsbrands1,1153,98.7
1717,cjcalico6,2,100.0
1718,yujapan33,58,100.0
1719,mr_io-7,1,100.0
1720,matchashop,44,100.0
1721,kaande77,0,0.0
1722,julluk31,5,100.0
1723,jennyla,526,100.0
1724,infinnabuying_co,2,100.0
1725,fioccodineveforever,8124,98.9
1726,creatio0,1011,97.3
1727,smcars,56,0.0
1728,takanakkojapan,46,97.1
1729,99_jxsh,0,0.0
1730,carlosorozco123,289,98.3
1731,hello.store_japan,661,97.7
1732,ecochic7,1703,100.0
1733,sweetpenelopea,0,0.0
1734,megadealzone,3300,90.2
1735,tetiankuche_0,101,0.0
1736,luxxxgoodss,33,83.7
1737,unityshops,30,100.0
1738,rosemhogan,56,100.0
1739,suwak54,7,100.0
1740,sunnythreestore,164,100.0
1741,tigerfan4444,638,100.0
1742,mue-7587,0,0.0
1743,nipponfind-japan,89,100.0
1744,carmelea3,75,96.2
1745,harleygirl40,607,100.0
1746,eri.finn,40,100.0
1747,japanderful,3585,100.0
1748,benja_carlo,312,100.0
1749,bananaforscale,896,100.0
1750,dre_3534,1,100.0
1751,bid416auctions,367,96.2
1752,6bqkk_23,3,100.0
1753,wesh-54,110,98.3
1754,vasquezvarieties-1,13,100.0
1755,rine-8973,69,100.0
1756,kynicole_40,5,100.0
1757,imbest898,3707,99.4
1758,justacattho,14,92.9
1759,michellikreitze_0,28,0.0
1760,cjrodriguez21,14,100.0
1761,jeffregos_7,22,100.0
1762,alran_62,1,100.0
1763,smallcat404,278,100.0
1764,sayosayo,14,100.0
1765,h-kk5880,2540,98.6
1766,kary2929-7,51,100.0
1767,ele-8623,3,100.0
1768,super*berry,3082,98.2
1769,nathankris,46,100.0
1770,dashamur209,49,0.0
1771,convenient_retail,10,100.0
1772,rephonetechnologies,10,100.0
1773,boroda_orhey,1251,100.0
1774,petuniasells,470,100.0
1775,computer_psycho,16255,100.0
1776,daijijam1,85,100.0
1777,dargue7,308,96.6
1778,batb7351-n2izna7j,256,100.0
1779,counsering0,0,0.0
1780,faziondiva26,256,100.0
1781,sharecom,540,98.0
1782,ruspow_48,187,98.4
1783,k.mocio,1017,96.6
1784,ijusthavetohaveit2,3179,100.0
1785,shimi432,5,100.0
1786,sparepartscentraltx,9342,98.9
1787,madelinehairdesign,57,98.3
1788,twigsntwine,3153,100.0
1789,shop-japan-ayame,145,100.0
1790,sunnyandlovely,0,0.0
1791,leco_9278,0,0.0
1792,deblaug,1699,100.0
1793,2strikesupply,840,0.0
1794,dessis-46,0,0.0
1795,spn8899,580,100.0
1796,michirey123,66,100.0
1797,hnmi4273,61,100.0
1798,all4b-49,309,97.3
1799,various.japan.store,310,99.5
1800,jasonlaner1,606,85.7
1801,bones2211,242,95.8
1802,hapar2176,1,100.0
1803,sakura-japna,963,100.0
1804,asauc_0,296,98.2
1805,dofra5116,0,0.0
1806,ceeces-0,0,0.0
1807,pmac2024,0,0.0
1808,topshop_kc,129,98.2
1809,digi-tech-plus,113,96.0
1810,greenepron,486,99.3
1811,demboy-69,0,0.0
1812,kota.kota,174,97.7
1813,kinukinu_market_japan,13,100.0
1814,paula_bpm,9,0.0
1815,salonrevel,39,100.0
1816,ayush_791,0,0.0
1817,amnsidv,0,0.0
1818,yui_chan_store,1258,99.3
1819,vied.edg.uydu3eqh,104,88.2
1820,dramaticphoto2_9,223,92.3
1821,ja154292,921,99.7
1822,klane0909,8,0.0
1823,bigbossjames44,16,0.0
1824,fuchi-enterprise,750,94.6
1825,shesgonecountry2,1774,100.0
1826,hbear14,5,100.0
1827,mybutterflykisses*boutique,1208,100.0
1828,tersm_5713,314,97.9
1829,juniique,20,100.0
1830,koim45,38,100.0
1831,bradr_4100,0,0.0
1832,getstuff01,1132,100.0
1833,yellowballoon1,984,100.0
1834,metalonious,505,0.0
1835,jd2118,1195,100.0
1836,tanava_42,1,100.0
1837,ama109697,0,0.0
1838,deskirk-0,0,0.0
1839,nicolas3720,0,0.0
1840,salvadosuarezbojorque-0,9,0.0
1841,sashdesigns-consigns,3247,98.9
1842,brbas2661,1,100.0
1843,yw-243,1,0.0
1844,mac0414,20,100.0
1845,stelladimaretrading,433,99.5
1846,masakob0,1459,96.4
1847,miguel.cedeno,155,100.0
1848,yurgros-2,0,0.0
1849,chelssgotthiss,52,100.0
1850,shohei201,295,100.0
1851,rxc_55,1,0.0
1852,blacktie818,3462,98.9
1853,philocsi-0,6,100.0
1854,deemster65,1347,100.0
1855,emmarose16,53,80.0
1856,beforward_2024,34,100.0
1857,whorge,1,100.0
1858,goodiesales_7,5253,99.5
1859,big-discount-deals,4078,98.1
1860,themillers24,0,0.0
1861,japan_japan_japan,95,100.0
1862,tiir_1558,0,0.0
1863,ptc2441,281,99.6
1864,valesh25,4,0.0
1865,japan_inari,1294,97.6
1866,baco_5677,56,100.0
1867,fa-29877,21,100.0
1868,business_man_leon,465,96.3
1869,sherrycane,2242,100.0
1870,thingsforyourneeds_llc,307,94.0
1871,garfie-46,26,100.0
1872,kyama.1_25,100,99.0
1873,uluv2shop_store,1964,98.5
1874,fcnebusoku7,540,99.1
1875,sponable,144,100.0
1876,solie_60,818,97.0
1877,aperlin68,263,95.8
1878,aengal,27,100.0
1879,electo,306,95.5
1880,bncab_47,1,100.0
1881,danied0203,199,100.0
1882,office_no.8,100,94.3
1883,lovevan-0,6,100.0
1884,samurai-123,229,94.1
1885,hyperlinks,4,0.0
1886,captaintsubasajapan,58,100.0
1887,koinaka_88,296,99.4
1888,andfe_54,13,100.0
1889,dooroomitrade,932,91.9
1890,lowri-1421,0,0.0
1891,moosh_83,2,100.0
1892,606flips,329,100.0
1893,ayindeb45,0,0.0
1894,wdodds9013,0,0.0
1895,sunnyy-4,4,100.0
1896,kuraworks,34,100.0
1897,cdcgvs,79,100.0
1898,pathwaymarketkeego,29,100.0
1899,bcool411,85,100.0
1900,garage-kamakura,497,96.8
1901,andretti5dollar,67,100.0
1902,julianabumble8,17,100.0
1903,nurse_nancy_2011,10,100.0
1904,myshoppingtree,53504,99.6
1905,jasminmeji67,17,100.0
1906,myron_japan,101,100.0
1907,1962humingbrdluvr,3342,100.0
1908,yeyejorgejorge,57,100.0
1909,hillfields_international_jpn,64,100.0
1910,tricky997,595,99.4
1911,firstclassflips,603,98.8
1912,helinochka,554,100.0
1913,ke-603864,6,0.0
1914,takawata-4,40,100.0
1915,fromsakai,30,100.0
1916,lalalaa13,2749,96.8
1917,enci-marl,1,0.0
1918,hairbeautystore,11,100.0
1919,youwant-it-i-sellit,392,98.0
1920,jenizh-0,33,100.0
1921,smartt-59,1,100.0
1922,alinjp,26,100.0
1923,dyom_6447,0,0.0
1924,mikwhit-3307,0,0.0
1925,frwt8323,102,95.5
1926,queenie571-3,8,100.0
1927,nga_gna_fmzfhvor,8,0.0
1928,bear-mie,429,96.2
1929,southeastjay,621,100.0
1930,simplicitygirl,15,0.0
1931,shamclau-934,0,0.0
1932,loothive,476979,99.3
1933,tayjo_520,0,0.0
1934,md-store-japan,56,95.2
1935,madhe_70,0,0.0
1936,leamacintyr_0,9,100.0
1937,brtur1027,0,0.0
1938,home_products_1,6,100.0
1939,gapul8,11,0.0
1940,mi_356416,0,0.0
1941,yykoikoi,107,93.2
1942,nilghane,0,0.0
1943,next_u46,569,99.5
1944,koko-japan81,8,100.0
1945,abighof-0,0,0.0
1946,elery-9851,0,0.0
1947,barre2510,24,96.2
1948,retro_techjp,1257,99.7
1949,roxinutza18-us,78,0.0
1950,marma_k_xmdgkcg6,5,0.0
1951,nat-58514,0,0.0
1952,jckcommerce,3,100.0
1953,sacsin_57,0,0.0
1954,marissandave08,120,0.0
1955,h.s.works2525,63,100.0
1956,laeic-67,4,0.0
1957,be_5006,255,98.5
1958,amnahme_7,5,100.0
1959,reese.sales,1444,99.1
1960,snake358,197,98.4
1961,estsifu_75,0,0.0
1962,didid9171,0,0.0
1963,kinopi-33,57,98.3
1964,scorpina83,5,0.0
1965,gkbrown0530,60,100.0
1966,thelwtaswa-0iveki7zh,31,100.0
1967,omotenasi-happy,726,99.7
1968,oleshur0,0,0.0
1969,studio9atelier,7,0.0
1970,happiness*japan-shop,600,98.5
1971,bargain.store,15294,99.4
1972,eiichih_0,17,100.0
1973,fromerika,5,0.0
1974,zofelf0,0,0.0
1975,baquilina,1514,100.0
1976,lollipop-deals,438,100.0
1977,record_-95,1,100.0
1978,oideyau,42,92.0
1979,hildad_90,107,97.7
1980,iampbaba_0,0,0.0
1981,sohailm251,5,100.0
1982,airpodseller101,0,0.0
1983,mavercik89,151,100.0
1984,gabbyf6730,5,100.0
1985,fm.resales,-1,0.0
1986,ashdevi-0,0,0.0
1987,rkbaby_japan,53,94.4
1988,japan-treasure-trove,24,100.0
1989,ikfuji,10,100.0
1990,brolamo_16,76,91.7
1991,bonsai-inc,162,98.7
1992,ni-4906,3,0.0
1993,jodellnaido_0,20,100.0
1994,marherri-98,0,0.0
1995,yoimono.japan,280,96.6
1996,juflo-561,5,100.0
1997,kle96-0,0,0.0
1998,m0e_92,71,100.0
1999,lisakit2008,49,0.0
2000,ap.deals,15,90.0
2001,fichr87,0,0.0
2002,sijan_36,0,0.0
2003,premium-japan,8165,99.4
2004,carfo2713,0,0.0
2005,emyg-28,0,0.0
2006,abagdasarian22,0,0.0
2007,lauren.lan,3,100.0
2008,funastore-japan,29,100.0
2009,patjua-76,1,0.0
2010,takuy-96,11,100.0
2011,emjofigure_jpn,68,98.6
2012,mysarbe0,0,0.0
2013,buddyt60,0,0.0
2014,guccigirl1016,1561,97.1
2015,pati5053,0,0.0
2016,zhualib-0,1,100.0
2017,bagal-89,0,0.0
2018,crisnor51,22,100.0
2019,kayesq,182,100.0
2020,ksesalamone_0,0,0.0
2021,quangchauemily2074,122,85.7
2022,mc-class,447,100.0
2023,mrala-0,1,0.0
2024,giamo-2576,0,0.0
2025,zaibakventures1,436,96.5
2026,prettievintage,1049,99.6
2027,wisebuysfromtwoguys,357,96.5
2028,grbfraile31,56,94.6
2029,martinsliquidationsales,1885,98.5
2030,andlo-6994,296,93.3
2031,e-shopdirects,6105,96.4
2032,realthingsbeingsold,650,100.0
2033,japanese-shop-k2,60,95.5
2034,mitamajp,589,97.0
2035,dannysbuyback,8,90.0
2036,valkprince,170,93.8
2037,japanstuf_online,153,92.9
2038,japanesetreasurebox,37,97.4
2039,dacarv1245,0,0.0
2040,suco-59,0,0.0
2041,sudonn1914,0,0.0
2042,mayda6910,1,0.0
2043,oqu699,0,0.0
2044,a3h-aaa,12,87.5
2045,jellypop_japan,53,100.0
2046,all4saleusa,25177,98.3
2047,luzkamia1,1351,100.0
2048,dori_3922,0,0.0
2049,ready2call,58911,99.2
2050,swingcomputers,32487,97.1
2051,mariort-7443,356,98.6
2052,yash.m2,0,0.0
2053,vintage_vinyl_head,350,100.0
2054,ld688,111,100.0
2055,g.g1127,308,100.0
2056,savaydeals,1806,99.7
2057,mercver-0,17,100.0
2058,mmmowholesale,14,100.0
2059,bluebullskydog,36,100.0
2060,glam2211,78,0.0
2061,jovha26_0,3,100.0
2062,arkstyle52,0,0.0
2063,kmaris_99,1,100.0
2064,electronics-refurbished,9,90.0
2065,krde77,14,93.8
2066,one_more_bid,185,100.0
2067,golddeals23,134,97.6
2068,reverty_tokyo,152,98.7
2069,thegreatdealz16,39096,96.9
2070,chrisbris15,8486,98.3
2071,denisemfarris2011,1792,100.0
2072,willhadiaco,4,0.0
2073,pioneerdeals1,18,100.0
2074,edwindazo-0,9,100.0
2075,wheelnerd,29,100.0
2076,michea_8252,2,100.0
2077,jh_bos34,130,100.0
2078,desertsellers,2169,98.6
2079,missrose888,657,100.0
2080,katyms41682,8895,98.0
2081,cfdsolu34,33,100.0
2082,mich5186-soz7m,28,100.0
2083,kenjiproject,41,100.0
2084,orsted_japan,58,100.0
2085,pdx.outlet,1381,99.5
2086,harleyroadking2000,201,100.0
2087,arksellerguy,1243,99.9
2088,centralohio1,32586,98.7
2089,estsio_79,0,0.0
2090,ysmael08,68,100.0
2091,amazinchoice,1218,97.2
2092,soll-4073,110,100.0
2093,jsnacks2,0,0.0
2094,third_coast_flips,363,99.5
2095,don-miami,20,94.1
2096,lovely_orchids,356,100.0
2097,danflo-2282,4,100.0
2098,tech_pointusa,7986,99.6
2099,mikhail626,112,97.6
2100,chouchou-de-japan,83,100.0
2101,niko22_japan,134,100.0
2102,marivision,1980,100.0
2103,rycamp-36,1326,98.0
2104,clearady,191,100.0
2105,thiser26,62,0.0
2106,glitterbank,1253,100.0
2107,prettypfashions,316,100.0
2108,medina_luxurystore,4,100.0
2109,ace00734,174,100.0
2110,nicpol_7659,0,0.0
2111,bestdeals4you74,388,100.0
2112,dharma10003,153,100.0
2113,wkdx24,2,100.0
2114,japan-kawaii-market,9,100.0
2115,konstanta13,5,100.0
2116,prizedcollectibles,1469,100.0
2117,mga626,10,100.0
2118,awad.98,30,100.0
2119,amandaouye,0,0.0
2120,ry_15560092,0,0.0
2121,rosiahc,1,100.0
2122,2011blueice,1023,98.4
2123,thesunandthemoon692012,17,100.0
2124,nextbidmarket,37,100.0
2125,youesandyouresllc,21,100.0
2126,funcollejapan,41,100.0
2127,loaded_basement,1572,99.6
2128,whiha21,0,0.0
2129,rmar4428,56,100.0
2130,*tinasshop*,18,0.0
2131,tho_60235,5,100.0
2132,from_japanselect_shop,57,100.0
2133,blankminidisc,193,97.3
2134,michaelv8,229,100.0
2135,xmrmarekx,63,100.0
2136,2014_meswa,17,0.0
2137,ahouseholdaffair,57,100.0
2138,zinth-94,0,0.0
2139,guccigrl00,1394,100.0
2140,inuyasha_11,408,100.0
2141,sagr7552,2,100.0
2142,iroha-jpn,221,100.0
2143,antoneabaezshop,3,100.0
2144,essentialsfashionfinds,292,92.9
2145,vitcom2015,49570,99.5
2146,sinz81,17,100.0
2147,foothi70,82,100.0
2148,roanokecc,18155,98.8
2149,marshallswayvariety,1506,99.5
2150,alletatjapan,3621,99.2
2151,bargainbasment,176,99.0
2152,riderdancerrunner,63,100.0
2153,belledejour1026,579,100.0
2154,greatdealsa2c,4952,98.6
2155,atcaci,915,98.9
2156,olvida,87,100.0
2157,aztecan4ever,1494,98.5
2158,dmerchchain1,266,100.0
2159,bohcheh0,113,97.5
2160,the_bearded_finds,950,99.6
2161,par504353,27,100.0
2162,lfltay2015,2243,97.2
2163,cai9765,48,92.3
2164,manyos_78,550,98.6
2165,melbre94,15,100.0
2166,hollmckeow0,15,100.0
2167,ktr-33,26,90.6
2168,stockpilelallc,579,98.8
2169,celinaconnoisseurs,86,97.8
2170,gmaxwell1815,1031,100.0
2171,three-way_good,288,100.0
2172,kbernal58,29,0.0
2173,cosmeticbrands,5265,94.4
2174,brbow_61,0,0.0
2175,ryaevere,13,100.0
2176,ronwill_894,61,100.0
2177,elewob_0,0,0.0
2178,tahasterling,16,100.0
2179,usvane_748lsznhe,45,100.0
2180,740_capps,3105,97.7
2181,tam_tmo_8wvrpwl,237,0.0
2182,martius-tgag5qq,1213,97.7
2183,darthbl,1531,100.0
2184,dirpoland21,250,100.0
2185,teeohemm22,632,98.5
2186,thedigitalguy,51356,99.7
2187,mattrussell_japan,132,100.0
2188,amichael17,967,100.0
2189,britgood,1058,99.0
2190,bstarr119,381,96.3
2191,nuodoo,60,100.0
2192,sushi-bomber,2116,99.7
2193,glen.tech,4210,99.5
2194,rega_633,517,99.6
2195,dextrus,848,100.0
2196,lcvit-13,0,0.0
2197,cathysclosetnthings,386,100.0
2198,happyjamjam,1294,100.0
2199,nmm89,45,100.0
2200,sscare,958,100.0
2201,bbliquidations21,151,99.3
2202,japan_tastybow,4760,100.0
2203,chaho_7368,1417,98.5
2204,array3020_7,2962,99.6
2205,wnydiscountstore,1687,99.6
2206,onestopshop250,735,99.1
2207,mak-4061,199,97.0
2208,thealphabros2,2130,99.3
2209,wisj_71,3,100.0
2210,shopsmartproducts,51,100.0
2211,beautyproducts4muchless,2531,99.8
2212,lmsugarb,509,100.0
2213,eco-fashionista,4222,100.0
2214,12flygirl,235,100.0
2215,jaime_6798,678,100.0
2216,jaguti8701,683,98.3
2217,tewads44,0,0.0
2218,lilbrun-63,2,100.0
2219,cimart17,88,100.0
2220,next2pro,1333,99.5
2221,profystore,46904,98.6
2222,amepat_7718,5,100.0
2223,thetresureofzipangu,21,100.0
2224,ayse_-34,3,0.0
2225,tinkerbe-5149,278,98.7
2226,beautifulnyc20,142,98.1
2227,jaleyrichelle,4,100.0
2228,tofrom-trading,14,100.0
2229,electronicsone,17249,98.9
2230,silve_enhance,81,100.0
2231,c.cummings151,36,100.0
2232,praedo,747,100.0
2233,onelovecollectives,45,100.0
2234,stjo_1252,5,100.0
2235,cgelectronics16,5835,99.7
2236,mcbas20,0,0.0
2237,tomo12_japan,75,100.0
2238,jaredto_92,15,100.0
2239,jpedraza86,198,100.0
2240,happy-finds613,295,98.6
2241,refreshing_page,175,100.0
2242,annpuricell0,6,0.0
2243,hillaryhills1960,63,100.0
2244,tristartreasures,8191,99.5
2245,rie_1130,547,98.3
2246,a2ron07,100,100.0
2247,muimui619,1026,100.0
2248,zhiincheon0,11,0.0
2249,sopbr532,7,100.0
2250,promotional_video_ws,346,98.3
2251,nisi-10,0,0.0
2252,cekrys,89,0.0
2253,outdoor_peak,2406,99.5
2254,djw3887,3158,100.0
2255,fashionqueenbee,854,100.0
2256,kickzr4kidz,147,100.0
2257,jamja_2710,0,0.0
2258,sftigerlilly2,57,0.0
2259,blackfridaybins,94,98.8
2260,8am,52,100.0
2261,suzyq6789,2881,99.7
2262,shop-ur-taste11,18,100.0
2263,twgretail,138,100.0
2264,apexstore.nc,749,100.0
2265,yabr_5453,0,0.0
2266,mickiepeek509,32,100.0
2267,catskitty_katie,122,100.0
2268,so-losierra03,121,100.0
2269,ismkath_0,0,0.0
2270,dayant62,38,100.0
2271,buchanand52,488,100.0
2272,silvaproducts1,1,100.0
2273,cheap_stylus,20919,98.9
2274,pol7736,2039,100.0
2275,801bemo,1291,100.0
2276,valdel9366,17,100.0
2277,lmc9070,86,100.0
2278,racgr-6147,0,0.0
2279,allo-212,584,100.0
2280,marlez_42,0,0.0
2281,lookit18,13096,97.8
2282,ride_lightning_japan,102,100.0
2283,anbiol_28,0,0.0
2284,clakee_84,0,0.0
2285,bestdeals-1111,3328,100.0
2286,taoliv-31,1,100.0
2287,mwojno9386,1428,99.2
2288,lucarr-4798,0,0.0
2289,linha-90,9788,99.3
2290,gr_liquidators,27161,97.9
2291,ansh6591,0,0.0
2292,liquidationkings,936,98.1
2293,glandy-japan,68,100.0
2294,freelollipop_business_supply,18271,99.0
2295,krpa_5419,8,100.0
2296,yolanda112975,170,0.0
2297,heagut59,5,100.0
2298,rikara_14,0,0.0
2299,rachel.cullen6,14,100.0
2300,dm8pz-68,14,100.0
2301,jtt8h_10,1,0.0
2302,dr.liquidator,1154,95.3
2303,munkvl0,0,0.0
2304,divinemelody912,191,100.0
2305,giovanaschefer,31,0.0
2306,abmdistribution,13812,98.9
2307,sarawitwit,41,93.5
2308,cssmmorin,219,100.0
2309,ol6342,21,100.0
2310,randswholesale,910,98.9
2311,iluv2bfit0i4t,2509,100.0
2312,cassmon-90,0,0.0
2313,xmiasarax,7,100.0
2314,bboutique5477,38,96.9
2315,2peasonearth,30617,99.8
2316,ajpsmom1,379,100.0
2317,shabelf-28,0,0.0
2318,poppyirisboutique,176,100.0
2319,synth875,230,100.0
2320,betterdeals11,16927,99.4
2321,qvq8w_71,0,0.0
2322,chsaf63,65,100.0
2323,forever_wild_soul,57,100.0
2324,trade_nation,6942,98.1
2325,mykids-2408,0,0.0
2326,razza_amin,64,100.0
2327,angfrod-22,12,100.0
2328,melger-35,0,0.0
2329,shamrock1726,93,100.0
2330,queenjbdeals,115,97.5
2331,alexfuent-4,6,75.0
2332,krukovskyi,411,100.0
2333,offsh_47,8,83.3
2334,irynlemishk_0,162,100.0
2335,dezysgreatfinds,746,100.0
2336,rizz-eri,28,100.0
2337,texastreasurechest,1188,98.3
2338,mera-dealz,1225,99.8
2339,joyciesattic,2450,100.0
2340,silisthomegoods,22,100.0
2341,ken333ta,13,93.3
2342,nnav9314,40,100.0
2343,lexiluvsyo-7,44,100.0
2344,mercamera,73,100.0
2345,hgbfilms,27,100.0
2346,kymo_2939,0,0.0
2347,o.c.s.japan,64,100.0
2348,mmiale05,129,0.0
2349,embiaty18268,116,100.0
2350,zen_hobby_market,127,98.4
2351,hagi-japan,15,100.0
2352,outletbychloe,1,0.0
2353,sapph_3599,4,100.0
2354,1flflyer,213,100.0
2355,fl0resresales,3383,96.8
2356,atam_343,0,0.0
2357,taya-store,767,100.0
2358,starthriftllc850,10162,99.7
2359,bamboojapan,40,100.0
2360,poshhomes,66,90.0
2361,krisamba-89,0,0.0
2362,sguyette70,191,0.0
2363,bestitemsonly,2204,100.0
2364,biaghis0,0,0.0
2365,patrqu17,384,100.0
2366,aigae30,299,0.0
2367,plastycorp2013,653,85.7
2368,flor_qvy1t,10,0.0
2369,lisalovesclothes.sd,269,99.3
2370,andrelas-4,4,100.0
2371,williamg3255,217,100.0
2372,kps2020,24,0.0
2373,mydeals7879,2490,99.4
2374,cam_6817,3,100.0
2375,priysha-30,14,100.0
2376,alwri-80,46,96.4
2377,jadesign1331,18,100.0
2378,dodjr1102_hwsjhf,45,100.0
2379,fillyourmindbooks,2030,100.0
2380,christinkon-0,45,100.0
2381,deltat353,1,0.0
2382,will32244,3211,99.1
2383,wildcatresale,247,80.0
2384,rarebirkin,1,0.0
2385,crislag-74,6,100.0
2386,keg5747,59,100.0
2387,roselia0867,344,100.0
2388,ggz2x81,0,0.0
2389,open-7956,6,0.0
2390,johhil-9826,87,98.8
2391,eunacho1026,15,0.0
2392,nr.kim90-9,9,0.0
2393,t.hiroki,83,98.8
2394,ciaraluna03,194,100.0
2395,jeanx0,143,100.0
2396,moe.ad.j-7,37,100.0
2397,models-preowned,478,100.0
2398,whimcc97,1,100.0
2399,fionabudhu2012,3,0.0
2400,ek-chi,2,100.0
2401,windycityluxury67,40,100.0
2402,quinnmckay09,133,100.0
2403,colbrown3,57,100.0
2404,merand-88,0,0.0
2405,megyoung17,5,100.0
2406,melissaandfashion,172,100.0
2407,katbrown85,15,100.0
2408,chocoandcardio,74,0.0
2409,sepa_2449,13,100.0
2410,blackforest52,8,0.0
2411,aceskinxpert,1162,100.0
2412,charmed_treasures,96,100.0
2413,vo0o0iill,5106,98.7
2414,genevieve_may,655,100.0
2415,jeslynn0313,133,100.0
2416,tuitionismymission,370,99.1
2417,stephymateo,13,100.0
2418,sbryanmx,7,100.0
2419,jameloliv-0,0,0.0
2420,oaksushi,794,93.3
2421,gramia2012,111,100.0
2422,cvaage77,4,0.0
2423,jilstra,12,100.0
2424,jorke-60,0,0.0
2425,sfvgirl19,389,100.0
2426,victorialim,134,92.9
2427,dasa-492872,1,0.0
2428,brogr_1514,3,100.0
2429,b-r-e-t-t,3747,93.8
2430,darl-shop,1436,99.9
2431,javaz2797,7,88.9
2432,spooayya_0,0,0.0
2433,cosborn77,80,0.0
2434,jumama-0,0,0.0
2435,saintjude7777,1858,100.0
2436,ekinneen73us,59,0.0
2437,cmpink,4,100.0
2438,melmel24,24,100.0
2439,jaymilkyway,915,98.4
2440,shiplinux,72,100.0
2441,zohhasa0,0,0.0
2442,jpn.store,22,100.0
2443,ramsesv1960,1010,100.0
2444,authentic27,61,100.0
2445,zipirzuhtu,251,100.0
2446,u2rager88,42,100.0
2447,natavoro-1,10,100.0
2448,jobon_9104,12,100.0
2449,chet_494731,26,100.0
2450,victlip81,0,0.0
2451,sakura2323,440,99.3
2452,gearpharm.inc,23,84.6
2453,gaya6131,0,0.0
2454,xtineejellybean18,191,100.0
2455,raijapan,2120,99.2
2456,hiryuryu1205,873,99.4
2457,infinity_trading_jp,18,100.0
2458,qwarrity,983,100.0
2459,morgund47,0,0.0
2460,lekneub_67,19,100.0
2461,lissygirl291,33,100.0
2462,carval_2179,436,98.8
2463,jesskleinma-0,3,0.0
2464,sophifinne-0,3,100.0
2465,as.nu_15,0,0.0
2466,jeneu-6850,0,0.0
2467,ruskispartan13,18,0.0
2468,lilaredler,0,0.0
2469,8hfg4-90,35,0.0
2470,meg_new,73,0.0
2471,k_sound_lab,267,100.0
2472,ha4037,2,100.0
2473,laucald-4,5,0.0
2474,g7mdw_40,0,0.0
2475,zen_engine0826,90,94.3
2476,abelc_41,3,0.0
2477,livexla_54,0,0.0
2478,deballd-0,25,100.0
2479,waterfall2012-77,2455,100.0
2480,cloudworksnyc,78,100.0
2481,xmariamx,0,0.0
2482,mckenny2016,86,100.0
2483,aubreyjenna,15,100.0
2484,novarise,36,81.8
2485,mackgri68,0,0.0
2486,best-exchange,316,99.6
2487,kipiani.m,4,100.0
2488,tomok_57,19,100.0
2489,blacctronicatech,24,80.0
2490,diez_tokyo_marketplace,306,93.2
2491,zmoney000,40,100.0
2492,visualgal,247,100.0
2493,jnb_7115,1,100.0
2494,alkret2804,0,0.0
2495,jukaf_89,0,0.0
2496,alkarp1821,9,100.0
2497,wholesale_connection,135157,99.0
2498,2boysmom07,825,100.0
2499,vintagevillians,528,100.0
2500,joguti7490,0,0.0
2501,vo-drvod-souqtkt,25,100.0
2502,lookasquishy,1018,100.0
2503,sunshine-tokyo,10563,98.2
2504,vint7,450,100.0
2505,rai4351,1,0.0
2506,seeknfindshoppe,215,100.0
2507,hsxr2397,0,0.0
2508,yuban2011,925,100.0
2509,bailemoo-0,0,0.0
2510,jacra-3292,4,100.0
2511,becciwho,40,0.0
2512,kicas9,55,100.0
2513,afzal17,229,96.7
2514,nistur_25,557,99.5
2515,lilre_90,0,0.0
2516,randomseller7-0,8,90.0
2517,mirai_japan,239,100.0
2518,anthech-0,3,100.0
2519,kentay1992,53,100.0
2520,marcidarling5,141,0.0
2521,hapic_1678,0,0.0
2522,rose-window,2926,100.0
2523,tgr837,417,100.0
2524,gamcco7433,4,100.0
2525,dakooze-0,14,100.0
2526,patt5189,0,0.0
2527,michwo924400,0,0.0
2528,arsha-23,8,100.0
2529,skyledanie0,2,0.0
2530,kiibitjapan,1793,100.0
2531,ivylabco1,61,100.0
2532,dealsmaid9510,5447,98.8
2533,maxxigoods,19,100.0
2534,kenco30,0,0.0
2535,mgkga_88,87,94.5
2536,savijs319,4,100.0
2537,renxav_2,6,0.0
2538,jeanellewu,2,100.0
2539,autumu-wind,678,97.1
2540,lootlodge,131668,99.5
2541,danigonz2,0,0.0
2542,eleni503,3,0.0
2543,randomfinds13,437,100.0
2544,yfyvm-95,3,100.0
2545,fashionbeautybling,52,100.0
2546,isab-borh,30,100.0
2547,luna.guz93,21,100.0
2548,smi.lydi,32,100.0
2549,unben-50,387,100.0
2550,steelbooks1,3117,99.6
2551,5hdjf37,0,0.0
2552,will2shop,341,100.0
2553,mangaba71,59,0.0
2554,mlulu85,73,100.0
2555,alisepu-65,0,0.0
2556,yasuo-japan,107,89.8
2557,rachelf3001,70,100.0
2558,thindman,313,0.0
2559,mn.moore,344,100.0
2560,carwa361233,0,0.0
2561,nando01,596,100.0
2562,artifact_anthology,56,100.0
2563,eleganceparkavenue,89,100.0
2564,sa708848,1,100.0
2565,kaheing0,2,0.0
2566,denhora_56,4,50.0
2567,thanandnowcollections63,9,100.0
2568,soccer-1611,710,93.2
2569,sasta-7306,89,100.0
2570,adcarolina,3,0.0
2571,wishupo_87,10,100.0
2572,aa1991aa,1107,98.7
2573,ruab_5297,0,0.0
2574,andieseeley,17,100.0
2575,knt233,82,0.0
2576,jpline2127,147,100.0
2577,ms_lissa,137,0.0
2578,keta_mina,22,100.0
2579,yvainc,768,100.0
2580,zhuz2046,0,0.0
2581,rope208,3,100.0
2582,ilaydabayir,13,100.0
2583,ouchi_tokyo_japan,48,100.0
2584,emanuelalexandr-0,6,0.0
2585,jaymurdem,612,100.0
2586,mins9734,0,0.0
2587,jyoreddyv-0,1,0.0
2588,furukara_japan,1075,98.0
2589,prncssred1,72,100.0
2590,crishur_96,-1,0.0
2591,patzhu_0,1564,99.3
2592,sid-a-holic,9,75.0
2593,mitchzuri_8,2282,100.0
2594,swiftprompt,389,100.0
2595,spmcg-96,0,0.0
2596,jeep1524,10,0.0
2597,cargodesigns,4,100.0
2598,anko55.4,26,100.0
2599,langib37,0,0.0
2600,myspace_777,215,98.9
2601,ya_571887,1,0.0
2602,briholle-66,0,0.0
2603,laea8940,1,100.0
2604,s4f_jp,30,100.0
2605,eveoff-0,0,0.0
2606,alejandracg,1,0.0
2607,re-2506,10,100.0
2608,momluvzhertwogirlz,189,100.0
2609,a1yga53,29,100.0
2610,embosk0,10,100.0
2611,an_740646,0,0.0
2612,costarica7777,0,0.0
2613,nana_7138,26,100.0
2614,mirasfinds,625,100.0
2615,ajac_184,0,0.0
2616,samapea69,0,0.0
2617,alexmer813,0,0.0
2618,thudman,1032,100.0
2619,disneymomma07,16,100.0
2620,plush-japan-collection,783,94.0
2621,arimil-6362,0,0.0
2622,topshelf656,3,100.0
2623,daniel305,0,0.0
2624,shaumo-28,0,0.0
2625,britsm-6078,0,0.0
2626,shopandsip,218,95.0
2627,jently*njoyed,128,100.0
2628,eliztou35,13,100.0
2629,mhos-45,58,100.0
2630,jimw408,293,100.0
2631,htntservices,931,100.0
2632,cheande_3335,11,100.0
2633,05essg,52,100.0
2634,wa_642,0,0.0
2635,na1800,1,0.0
2636,alejandropena0107,11,100.0
2637,nikki1905,37,100.0
2638,melloww_8,13,100.0
2639,stda-961,7,100.0
2640,odtm7223,6,100.0
2641,sixma30,5,100.0
2642,decaturjewelryii,470,92.3
2643,ms-toasty,1321,100.0
2644,oumabouab0,0,0.0
2645,elisaaml,0,0.0
2646,tokyo-news-store,599,98.6
2647,luxury_2023,0,0.0
2648,karenamelia,0,0.0
2649,katykopr-0,5,100.0
2650,sellerpg,223,100.0
2651,faradj-tec,2346,100.0
2652,pao_maye9,8,100.0
2653,shaoff-72,0,0.0
2654,katanagi,95,100.0
2655,kypavlo-0,1,0.0
2656,alyvo_5223,0,0.0
2657,tatsak67,258,100.0
2658,globalthreadhub,0,0.0
2659,auctionking1919,8671,98.2
2660,madhenr29,1,0.0
2661,abb_1773,0,0.0
2662,sneh-195,8,100.0
2663,myob-69,0,0.0
2664,konikoni0416,10,100.0
2665,zai-4823,33,100.0
2666,bteamganbare,875,97.2
2667,mantiqueology,913,100.0
2668,cl-717587,32,100.0
2669,elmabdrak-83,10,100.0
2670,deaspe-14,0,0.0
2671,kripasc-0,0,0.0
2672,alogue-26,1,100.0
2673,dior-ama,696,99.3
2674,amcnatt,1,100.0
2675,bhapa-97,0,0.0
2676,jdsellz-1,432,98.6
2677,tiababy69,214,0.0
2678,alexandepovsi_0,1607,97.7
2679,marvil_21,0,0.0
2680,freddcontrera-3,182,100.0
2681,emhind-0,1,100.0
2682,nicrobi-704,0,0.0
2683,paperstreetco,604,100.0
2684,japan.goods.select,1197,94.7
2685,tosha3631,226,100.0
2686,caselma_0,7,0.0
2687,britwin3571,0,0.0
2688,saay872439,14,100.0
2689,abigailandbleu,6,100.0
2690,usheat_6uojti,5,0.0
2691,looneyla22,20,0.0
2692,micheliptica,227,100.0
2693,papesa6000,5,100.0
2694,waterag,5,100.0
2695,usa_products8,38,90.9
2696,saeng5171,9,100.0
2697,valentinedalton,463,100.0
2698,patty-2915,0,0.0
2699,davarsh_25,0,0.0
2700,agvaitke_0,0,0.0
2701,hannaweb_9,14,0.0
2702,tryia-jp,0,0.0
2703,lueb25,57,0.0
2704,gwendle89,0,0.0
2705,jacobarne_21,9,0.0
2706,doh_7274,0,0.0
2707,jerra_5978,0,0.0
2708,madewithoutfear,173,100.0
2709,rosie_le,61,0.0
2710,isathoee-1,1,0.0
2711,grche_5430,28,100.0
2712,wholesome_goods,85,100.0
2713,estsop_52,0,0.0
2714,dafran1391,0,0.0
2715,julidul-44,1,0.0
2716,shannonoc,66,0.0
2717,paulfeola1,84,100.0
2718,brigar_6871,0,0.0
2719,dealonline18,47196,99.3
2720,soparn8402,1,0.0
2721,maria_locsin,2,0.0
2722,lihar-6165,0,0.0
2723,mscreepyghostgirl,23,0.0
2724,clarro36,0,0.0
2725,marcus.-84,0,0.0
2726,thepathofthewhiterose,698,100.0
2727,duckcop0,2,50.0
2728,soniav23-23,1606,100.0
2729,romus_2caedvz,52,95.7
2730,vinbl_73,20,100.0
2731,william1986,6,100.0
2732,al680,749,50.0
2733,linc8886,7,0.0
2734,propa-52,37,100.0
2735,assirac_70,6,100.0
2736,swapshop007,2351,89.9
2737,maafan,449,100.0
2738,pringay0,4,0.0
2739,risganga0,0,0.0
2740,emilswart-2,3,0.0
2741,*cwbo*,8753,99.9
2742,peachy_8575,1,100.0
2743,djcustoms17,86,100.0
2744,rocketttman15,1162,100.0
2745,shorti02,78,100.0
2746,kristeph21,1,100.0
2747,conei70,5,0.0
2748,abthearab,0,0.0
2749,provision_x,284,100.0
2750,bun-official,39,100.0
2751,onali-44,20,100.0
2752,kenaki-90,223,100.0
2753,keztlramire_0,8,100.0
2754,greentoo,16,100.0
2755,muhammakha-767,14,100.0
2756,snwadh_60,0,0.0
2757,*aussieseller*,172,0.0
2758,katiemegs,11,100.0
2759,alisleger,86,97.0
2760,tsumikichi030303.shop,1511,99.8
2761,mersotuft,2,100.0
2762,smo116,78,100.0
2763,ama612312,1,0.0
2764,caiavery,0,0.0
2765,re570350,2,66.7
2766,s_malley,0,0.0
2767,paxflu0,3,100.0
2768,brandshifl,506,98.1
2769,boutiquedelaari,0,0.0
2770,rlmshop,1837,100.0
2771,felmccul_0,0,0.0
2772,danteashoe_0,0,0.0
2773,hasha_31,0,0.0
2774,maxriv_1162,1,0.0
2775,beahulagirl,77,0.0
2776,dealsgalore-n-more,349,100.0
2777,baybog71,3,0.0
2778,cari6289,22,0.0
2779,kalibe78,0,0.0
2780,hannaocho8,1,0.0
2781,kacon6843,0,0.0
2782,mvppawn,4907,98.3
2783,solace08_54,1,0.0
2784,samahar_5679,11,0.0
2785,olliebear1056,6,100.0
2786,rachellcrum-0,10,0.0
2787,armenian08,92,0.0
2788,camerynriggs16,1,0.0
2789,madrei_0,0,0.0
2790,shoeslover222,181,100.0
2791,aian_92,1,100.0
2792,alisasp96,404,93.3
2793,sabrina70012012,2853,100.0
2794,yamadashoten_japan,35,100.0
2795,wsic2022,174,100.0
2796,sknernschield,181,100.0
2797,sandselec_13,144,100.0
2798,beautebar,652,92.9
2799,aiden_and_ava,69,100.0
2800,anebi-88,24,100.0
2801,gin-7008,0,0.0
2802,iamnamtab,1002,100.0
2803,oiram_27,28,0.0
2804,shohei-japan,110,100.0
2805,cooperstheory,1679,0.0
2806,mmassone,0,0.0
2807,fwtrz_66,0,0.0
2808,candacedawnmarie,58,0.0
2809,stepodoh_0,0,0.0
2810,ti-9393,19,100.0
2811,angr695635,0,0.0
2812,larthdog,201,0.0
2813,vintagelifesc,27,90.9
2814,baifee-47,0,0.0
2815,sellla21,732,100.0
2816,kbcsolutions,950,100.0
2817,emmali41,0,0.0
2818,racha9382,3,100.0
2819,dube0819,125,0.0
2820,vanpan-12,0,0.0
2821,kaifow_60,0,0.0
2822,japamart,1363,85.1
2823,presnalyss,52,100.0
2824,chrhu-82,2,0.0
2825,buynsellgoods7710,580,100.0
2826,francescalukas1,0,0.0
2827,madcol48,0,0.0
2828,great.choice,34,100.0
2829,hattiemae101,37,0.0
2830,xenalbakr_0,27,100.0
2831,oakley772012,97,100.0
2832,wawawa_osaka,8,100.0
2833,snkkat-qr62qtsx,7,100.0
2834,in5070,0,0.0
2835,jms48614,0,0.0
2836,japan_shop_71,136,100.0
2837,wendgillett_0,2,0.0
2838,appappini,38,0.0
2839,marfocc-0,1,100.0
2840,rnmew1981,4,100.0
2841,amand8388,20,0.0
2842,mdmqr_41,1,0.0
2843,tamaisu-61,1,100.0
2844,napoe_63,3,100.0
2845,jonatav-95,0,0.0
2846,lory0725,2,0.0
2847,kaall-47,2,0.0
2848,orion11300,152,100.0
2849,eillisabeth,0,0.0
2850,taybe96,0,0.0
2851,jesbar-46,0,0.0
2852,spanospapa,51,100.0
2853,jill1850,170,100.0
2854,kaylamastro,2,66.7
2855,tasav939,0,0.0
2856,frankibraddoc_0,3,0.0
2857,diannpen-0,5,0.0
2858,wade605,237,100.0
2859,callieekayyy,6,100.0
2860,sanflo4234,0,0.0
2861,iryna0317,174,100.0
2862,evzw78,0,50.0
2863,shamailaa123,93,0.0
2864,kaibrub0,0,0.0
2865,hmdearmon,281,100.0
2866,xcesslimited2013,129496,96.6
2867,jacoeisenhar_0,55,100.0
2868,hu450340,4,0.0
2869,oboe1kenobi37,66,0.0
2870,mr_fashionisto,3964,99.6
2871,mosleybrandy_123,4,0.0
2872,sim_eva,24,80.0
2873,yasbir-75,0,0.0
2874,meekko,486,100.0
2875,surrealpaper,14,0.0
2876,grk4581-ssw77pd,901,100.0
2877,bmariani123,22,0.0
2878,kyfeue_6,0,0.0
2879,rygri_2736,0,0.0
2880,olaisabella2,34,100.0
2881,belleazahraandjane,407,100.0
2882,aroo3167,35,100.0
2883,stuffundermybed1,42,100.0
2884,klbristow11,122,100.0
2885,jassi530,231,100.0
2886,stepaty,221,100.0
2887,costamonika,51,100.0
2888,beurc44,0,0.0
2889,bubbly828,50,100.0
2890,zun493,1,100.0
2891,colon_73,5,100.0
2892,ellade_vlnt3u,6,0.0
2893,da_1991,0,0.0
2894,maggie_7815,5,0.0
2895,redsole4less,400,100.0
2896,meowodee,6,0.0
2897,giny_67,11,100.0
2898,braped38,0,0.0
2899,paytay-95,0,0.0
2900,dajo810048,9,100.0
2901,misssdi0r,137,100.0
2902,kbar_58,0,0.0
2903,jmv7923jmv,104,100.0
2904,getrealvintage,13863,100.0
2905,mmi9305-peazsa,50,0.0
2906,koco6160,127,0.0
2907,elmitz_0829,3,100.0
2908,naturer-65,4,0.0
2909,kyfeue82,0,0.0
2910,lylmamas3-3,1,0.0
2911,tinkergirl3,0,0.0
2912,casstu_92,19,100.0
2913,mar.ahm0112_5,16,100.0
2914,sanbol-48,126,100.0
2915,mawei_6,5,0.0
2916,shannokaup-0,2,0.0
2917,vinnyestate09,257,94.4
2918,prime-3558,4,0.0
2919,ctsalesdirect,744,100.0
2920,yamakenya2022,388,98.7
2921,dr.baseshaper,3063,100.0
2922,shiaubo,97,97.1
2923,manicc,191,91.7
2924,realdeals_16,74,95.8
2925,retailflips_67,48,98.0
2926,dboy1992,154,100.0
2927,inava_deals,155,97.6
2928,thebazaaritems,265,98.5
2929,isumi-tokyo-bay,245,93.3
2930,flysell2010,21145,99.9
2931,lilpretty123,98,100.0
2932,terphog,709,100.0
2933,pinkspotthedog,1920,97.6
2934,tammsheaffe_0,444,96.5
2935,berthjuare-9,672,99.4
2936,toste_1054,39,100.0
2937,youreliteboutique,469,100.0
2938,toste_1643,77,90.9
2939,saraus.pu9ng85lv,43,100.0
2940,heaca-9862,0,0.0
2941,romeos2,2,100.0
2942,desbu_10,0,0.0
2943,samuele-78,0,0.0
2944,arre-83,0,0.0
2945,zahra_5074,4,100.0
2946,caromed_8,0,0.0
2947,andcarr_1692,0,0.0
2948,nycphoenix,1026,0.0
2949,lex2532,0,0.0
2950,racgun_83,0,0.0
2951,komugi-house-japan,1670,97.2
2952,aatstore,10137,98.0
2953,jking_mc,809,100.0
2954,brdan_2000,228,94.4
2955,healthandwellnessforsale,254,100.0
2956,rachelcon0,1,100.0
2957,sarahlexie1,8,0.0
2958,hycris_shop,96,93.3
2959,kathgue_66,0,0.0
2960,708344cash,16840,99.5
2961,eboutique310,3550,99.2
2962,tbreserve,874,100.0
2963,fasttraxtransactions,10128,99.3
2964,anna_oil,1208,100.0
2965,becky-j4,69,100.0
2966,babybluebmw1,1914,100.0
2967,emmie77_75,11,90.9
2968,luxrendon,383,100.0
2969,kyle-jessica,571,98.4
2970,csol,1088,100.0
2971,rater_llc,3400,99.7
2972,sanford98,15969,100.0
2973,cscs9339,932,99.6
2974,variety_plus_online,9356,98.1
2975,katie_rose12,1569,98.8
2976,tcg_company,1764,99.1
2977,mediaprospector,2288,99.8
2978,reddo12,93,97.6
2979,bjnaf4,25259,99.3
2980,colpel0,3,100.0
2981,olennbarne0,326,100.0
2982,vivi07_77,113,95.7
2983,katederm0,0,0.0
2984,isgonzal18,145,98.9
2985,dutopia,1090,98.2
2986,loveelectronics-7,593,98.7
2987,aimeev3,1424,99.7
2988,alasdair.young,21,100.0
2989,stargazer811,513,100.0
2990,katiechase,214,100.0
2991,gbdvw-38,1,100.0
2992,theyoungs08,190,100.0
2993,wilfredtorre-12,160,100.0
2994,grhad_67,1,0.0
2995,be_213861,0,0.0
2996,xolizone3,8,100.0
2997,rudybaby1,350,100.0
2998,dee451,15,100.0
2999,280575l,235,100.0
3000,lamasivajelopa,487,100.0
3001,eugti86,17,75.0
3002,amarajaved31,0,0.0
3003,afit5289,32,0.0
3004,darvel-41,0,0.0
3005,greenhousetacoma,623,94.8
3006,olipal_40,61,95.1
3007,omad_66,2181,98.7
3008,tmj62525sm9,71,0.0
3009,xenoarc,902,100.0
3010,usmich_mtjstvd,21,100.0
3011,7jnj422,2,0.0
3012,michbud34,22,100.0
3013,ritahchiu,206,100.0
3014,sukiyakimarket,23,100.0
3015,del-3028,0,0.0
3016,tigerstime,6118,100.0
3017,jmoc7709,588,100.0
3018,flal16,124,100.0
3019,w766m_28,1,100.0
3020,alvard4045,0,0.0
3021,ajon_48,1,100.0
3022,michelleh16,55,0.0
3023,kaylebatze_0,15,0.0
3024,rkft4773,1,0.0
3025,k-pop_wave,533,97.6
3026,casdoss_74,0,0.0
3027,laha-5268,0,0.0
3028,seoulchic,411,95.2
3029,caande_3417,41,95.8
3030,morikio7,549,100.0
3031,lallakelal-0,53,97.8
3032,the_peacock,5319,98.6
3033,kevingray38,1254,85.7
3034,alanspawn,37236,98.7
3035,dan980644,202,100.0
3036,danscha-7901,239,100.0
3037,mr.tonkatsu,1,0.0
3038,wanderingeldritch,187,100.0
3039,useri_o5ohh,6114,98.7
3040,bestgadgets123,2582,98.4
3041,justintimegoodsandcollectables,3274,99.2
3042,tanwr46,3,100.0
3043,bluehousesupply,29517,99.4
3044,ra-hale,213,100.0
3045,urwelcome718,666,98.2
3046,eshangoods,8009,99.5
3047,hustle-n-bustle,769,98.9
3048,sf-zhen,1986,98.2
3049,t.f_distribution,2928,99.6
3050,hoytgreen6,1044,99.5
3051,chmic-5162,110,100.0
3052,megmagnus,340,100.0
3053,kadokadoshoten,215,100.0
3054,sdsonlinesales14,11217,99.0
3055,to.0885,46,100.0
3056,farhan1342,352,100.0
3057,pinguinosaurusflex,1056,98.0
3058,franciscespin8,874,99.0
3059,envirogreenelectronics,4818,99.2
3060,klb313,600,100.0
3061,tommbradfor_2,222,97.6
3062,moeandnicksattic,138,98.1
3063,1midtennpawn,11034,98.6
3064,bri43453,0,0.0
3065,prettyinpink4u,23,100.0
3066,roberbowde-53,177,94.6
3067,thriftingnewengland,2212,99.7
3068,aioguy,2206,100.0
3069,jlrsjol,1318,99.1
3070,habitatcky,4400,100.0
3071,cheesyfa_79,4496,99.8
3072,buythecasecom,28694,98.5
3073,vintage_fantastique,887,99.6
3074,christianorestoration,951,99.5
3075,shopquest4less,3354,100.0
3076,grizzlyqelectronics,1621,99.3
3077,rrodgers2,463,100.0
3078,sky09toy-japan,70,100.0
3079,danielz3735,5679,99.3
3080,chroniclynx,28,100.0
3081,buy_now_try_soon,115,100.0
3082,elsolo21,6521,100.0
3083,leeyacat,2672,100.0
3084,julzblack333,286,99.3
3085,rods_shelf,1326,99.5
3086,ai_bay,5035,99.1
3087,japajapan48,24,100.0
3088,thriftyriver22,726,99.0
3089,fcstore1,4008,99.6
3090,hawaiimatt88,136,100.0
3091,popy1018,1844,99.1
3092,rabbar20,27,100.0
3093,emhamba0,2287,97.2
3094,moise_cru,1101,100.0
3095,zekelion,1152,100.0
3096,evolving-technologies,10289,100.0
3097,edwardchung-0000,1,100.0
3098,livinaustinamy,2824,99.3
3099,skydentalsupply,10483,97.8
3100,kwaza,5018,100.0
3101,klnbnc,3110,95.9
3102,cadslade1,6,100.0
3103,sidedeal,524,99.2
3104,jcwarehouse_us,15,100.0
3105,andreykaz,130,0.0
3106,gdo0762-ldr8kixycp,27,100.0
3107,chaplin_japan,2,100.0
3108,add9_store,478,99.3
3109,otb_deals,578,98.9
3110,appletree312,14183,99.7
3111,simplebazaar,55,98.1
3112,notram_0,89,0.0
3113,for_them,2457,99.3
3114,whisker.biscuit,435,97.3
3115,boutiq-6886,2,100.0
3116,bestdealsnj77,76,100.0
3117,luckypawn01,1484,98.5
3118,dan690000,13322,99.0
3119,lushwearstudios,3663,99.0
3120,saessupply,501,98.1
3121,tyler.braun,1540,99.5
3122,japan_selection_hub,63,100.0
3123,tomsworkers,16,100.0
3124,sota_associates,268,100.0
3125,dreamvalue,3,0.0
3126,belvoirblvd,44,100.0
3127,anharb-90,790,96.5
3128,usa.a-55,4,100.0
3129,fabpai_41,0,50.0
3130,japan_ism,167,99.4
3131,mdmb2012,1677,98.5
3132,blainehh,11,100.0
3133,worldfotos,690,95.5
3134,sotobro5150,4,100.0
3135,nesconsignmentco,7630,96.0
3136,aluckyfindonline,1491,99.0
3137,kidukai_store,1634,98.8
3138,tozh98,14,0.0
3139,sakara-japan,94,100.0
3140,h3lmbe,209,100.0
3141,kyutie,7709,100.0
3142,1thing2many,25,94.1
3143,mehrdad90212,17,100.0
3144,ryoland-japan,327,99.7
3145,351673_95,0,0.0
3146,phxchango,433,94.3
3147,sayco_vintage,103,100.0
3148,giveliquidationllc,814,100.0
3149,japan-wave-trade,51,100.0
3150,collectorjay,815,100.0
3151,mikkyshop-japan,194,98.0
3152,maxofliquidation-3,143,100.0
3153,danielgza,311,99.0
3154,nikolamerug_0,83,100.0
3155,mottie_commerce,220,100.0
3156,riclawr_857,0,0.0
3157,centeno_sales,537,100.0
3158,hyejyoo_0,12,100.0
3159,petecho-5,84,100.0
3160,prabs403,4253,100.0
3161,fastboxshipping,64,100.0
3162,vintageaudiorevival,2352,100.0
3163,1stmotion,425,94.4
3164,jowa_7156,12,100.0
3165,jets4life87,219,98.3
3166,indirectlycheap,4388,98.4
3167,apple-1101,20,100.0
3168,takou_7900,31,97.0
3169,tamao-japan2022,160,77.3
3170,chpr3365,1,100.0
3171,megadeals2022,4379,99.8
3172,d_amazing22,96,97.5
3173,falad-55,1,0.0
3174,kcdesignerbay,3753,100.0
3175,chav2024,258,93.3
3176,lubo_9024,438,100.0
3177,attamaru,586,98.5
3178,thegoodss3ll3r,261,100.0
3179,tokyo_horizon_exports2019,9,100.0
3180,angelicdealb_0,39,100.0
3181,frafa67,11,100.0
3182,tienthanhllc,2328,99.2
3183,stallshelb,86,100.0
3184,bew.us.5y4szjbz,120,100.0
3185,daiki.japan,292,99.1
3186,japan_modern_treasures_shop,0,0.0
3187,widenerc09,493,100.0
3188,lstill2012,110,96.8
3189,fo_596162,1,0.0
3190,arcval_85,1,100.0
3191,breridg0,0,50.0
3192,loauck-0,6,100.0
3193,freddie_20,674,98.9
3194,1emerald71,3,100.0
3195,jasontd101,3560,99.6
3196,stacey4545,1996,100.0
3197,smokeexchange,1238,100.0
3198,mag4745,2,100.0
3199,ton.poo,903,100.0
3200,costmartllc,638,99.0
3201,dapelay-0,3291,94.8
3202,almawarehouse,175,99.2
3203,jdkiwinz,42,100.0
3204,hiro.japan2,11,100.0
3205,pandacbr,202,100.0
3206,jersan2315,9,100.0
3207,japan-fujiashitaka,1198,98.3
3208,atlantabravesnation,41340,99.5
3209,andreadesirepen,48,0.0
3210,stw0421,22,100.0
3211,cmspar01,1998,98.2
3212,michaejuare_8,104,50.0
3213,cmparkk,59,100.0
3214,ksshop.japan,96,98.6
3215,koff11,25,100.0
3216,am_tech,2327,97.6
3217,fujiyama00,301,98.2
3218,aokmarket,17720,99.5
3219,bytesys,13230,100.0
3220,mat-clyd,568,100.0
3221,mixed_gemini,30,92.9
3222,tincataferr,2175,99.3
3223,stillmanwi,1155,100.0
3224,volk-7119,13617,99.9
3225,jobi_96,0,0.0
3226,mrservicesllc,39,100.0
3227,tgdu4771,194,97.9
3228,micwo-444,0,0.0
3229,shfon_0,2,0.0
3230,idcar23,1,100.0
3231,alex0250,2916,99.3
3232,ryash8,13,0.0
3233,ibushin,409,95.6
3234,choicjeffe,14,0.0
3235,asher80,350,100.0
3236,edavis63,0,0.0
3237,onlinedistributionsusa,85,100.0
3238,homeimprovementwarehouse14,10899,100.0
3239,wei_943573,0,0.0
3240,keipeti0,0,0.0
3241,ch_209019,0,0.0
3242,phimo-3494,1,0.0
3243,gusso-1068,0,0.0
3244,chrisbe_454680,449,96.8
3245,heysalvo,30,0.0
3246,feliwerner9,20,100.0
3247,danru_5626,11,100.0
3248,anclem44,0,0.0
3249,nufern23,0,0.0
3250,trillalltheway,356,100.0
3251,deep-space-gear,100,100.0
3252,weizh7762,7,0.0
3253,farrukh1992,480,100.0
3254,store-wide-clearance,10695,99.0
3255,aumakua1033,1165,100.0
3256,jtomlu12,1870,100.0
3257,vicval2974,0,0.0
3258,exchan48,140,100.0
3259,kingelectronicsny,4456,100.0
3260,readat77,1,100.0
3261,ngemah,1434,96.6
3262,alex4sto,0,0.0
3263,discord-6352,0,0.0
3264,yoursellerbest,336,97.6
3265,5ff28-12,8,100.0
3266,kabutan22eri,320,100.0
3267,raaaaaaaandysresale918,18738,98.5
3268,videoandaudiocenter,4369,96.9
3269,creeksideemporiumllc,5257,98.8
3270,kejiadian,116,100.0
3271,chesm5591,0,0.0
3272,kerai-4500,960,97.0
3273,s24manager,727,97.4
3274,auntbubbastreasures,839,100.0
3275,dealsforyou78,164,100.0
3276,quality-jp,155,95.8
3277,pawn1_13,344,97.1
3278,toastspices,19,100.0
3279,jogarg_d2ujmhm,6,0.0
3280,juswoj-0,0,0.0
3281,eastempire25,14,100.0
3282,cruets620,3639,100.0
